bill_id,attendant_id,delivered,rating
1,158,True,5
3,308,True,1
4,408,True,3
5,818,True,3
9,541,True,4
10,249,True,2
11,446,True,5
12,714,True,4
13,312,True,3
14,869,True,null
15,383,True,1
18,507,True,null
19,427,True,null
23,27,True,0
24,189,True,4
25,571,True,null
26,387,True,4
27,683,True,null
28,32,True,2
30,38,True,5
33,105,True,5
37,124,True,0
38,843,True,null
39,809,True,0
40,434,True,0
41,82,True,0
43,842,True,null
44,534,True,0
46,80,True,4
48,317,True,0
49,181,True,5
51,515,True,0
52,252,True,1
53,262,True,0
60,172,True,null
62,49,True,0
63,142,True,2
68,397,True,3
71,591,True,1
72,239,True,null
73,675,True,0
77,702,True,2
79,48,True,null
81,927,True,0
82,737,True,null
84,671,True,4
85,564,True,4
86,668,True,3
90,925,True,4
93,17,True,5
94,412,True,3
95,337,True,3
96,659,True,2
97,798,True,null
98,559,True,1
102,865,True,1
104,938,True,3
106,251,True,0
107,827,True,2
110,233,True,5
112,128,True,5
113,398,True,4
114,816,True,4
118,404,True,3
119,359,True,4
120,597,True,0
124,693,True,3
125,353,True,1
127,883,True,4
129,597,True,2
131,881,True,1
133,178,True,2
135,784,True,0
136,799,True,null
137,340,True,5
139,317,True,null
141,878,True,5
142,830,True,2
143,357,True,null
144,202,True,1
145,442,True,4
146,1,True,0
148,195,True,2
149,638,True,5
150,238,True,3
151,518,True,null
153,218,True,4
155,121,True,5
157,492,True,4
159,306,True,0
164,579,True,4
167,482,True,null
170,349,True,4
171,967,True,null
172,470,True,1
173,650,True,4
174,156,True,1
176,241,True,5
177,444,True,3
180,252,True,null
183,585,True,0
191,439,True,4
194,316,True,0
196,59,True,2
200,722,True,4
201,30,True,2
202,520,True,3
206,858,True,4
208,933,True,2
210,741,True,4
213,44,True,5
215,35,True,3
217,118,True,4
220,891,True,0
222,140,True,5
225,107,True,0
226,28,True,3
228,735,True,0
229,794,True,4
230,598,True,5
231,505,True,3
233,933,True,3
236,643,True,2
237,936,True,0
238,290,True,2
239,715,True,2
240,609,True,5
241,121,True,1
243,656,True,0
244,287,True,null
249,897,True,3
250,61,True,2
251,35,True,0
252,696,True,0
253,564,True,5
255,256,True,2
256,710,True,5
257,85,True,4
259,319,True,0
262,511,True,1
266,236,True,4
268,227,True,2
271,345,True,1
273,959,True,4
274,370,True,null
275,581,True,2
279,863,True,4
280,863,True,2
281,407,True,3
282,337,True,0
283,656,True,5
288,777,True,4
291,517,True,2
296,466,True,null
298,250,True,null
299,858,True,2
304,603,True,0
305,76,True,0
306,477,True,2
308,896,True,2
313,28,True,4
314,590,True,null
315,906,True,5
316,880,True,3
317,250,True,3
319,104,True,5
320,649,True,4
322,281,True,null
325,951,True,1
328,633,True,2
329,28,True,1
332,617,True,2
333,558,True,0
336,88,True,4
338,792,True,5
340,754,True,4
341,852,True,1
342,311,True,4
343,924,True,0
346,78,True,4
348,120,True,1
349,727,True,4
353,91,True,2
355,245,True,4
356,742,True,5
357,287,True,2
359,776,True,3
362,786,True,4
363,742,True,0
364,319,True,4
365,50,True,3
366,97,True,0
369,311,True,0
370,946,True,0
373,82,True,2
374,566,True,3
376,562,True,2
378,900,True,0
380,778,True,1
382,226,True,3
384,40,True,3
386,324,True,4
387,653,True,0
388,415,True,0
393,959,True,1
394,45,True,5
395,771,True,4
397,761,True,null
398,294,True,null
402,577,True,2
408,491,True,0
410,742,True,0
411,595,True,0
412,178,True,5
413,214,True,null
414,426,True,0
416,325,True,5
417,58,True,null
420,70,True,null
421,372,True,null
423,898,True,1
425,953,True,null
426,293,True,2
429,184,True,3
435,857,True,2
437,527,True,1
439,682,True,1
440,403,True,1
441,900,True,5
442,742,True,0
443,463,True,0
444,686,True,3
446,616,True,2
448,517,True,4
449,558,True,1
452,413,True,4
453,792,True,2
454,434,True,null
455,705,True,3
456,574,True,1
458,141,True,0
459,336,True,5
460,903,True,3
461,699,True,4
462,665,True,0
463,579,True,1
464,345,True,1
466,2,True,null
470,62,True,5
472,701,True,0
473,192,True,0
474,787,True,4
476,798,True,3
480,392,True,3
481,78,True,5
482,328,True,1
483,896,True,4
486,212,True,0
488,921,True,1
489,733,True,0
493,84,True,1
500,809,True,0
501,600,True,4
502,458,True,2
505,236,True,null
506,456,True,2
507,349,True,1
508,384,True,2
510,510,True,3
511,546,True,1
513,866,True,3
514,422,True,3
515,794,True,1
520,895,True,4
524,499,True,2
525,588,True,4
526,150,True,3
528,328,True,3
530,123,True,null
531,523,True,4
532,131,True,1
534,256,True,0
536,659,True,5
537,483,True,3
538,217,True,1
540,252,True,4
546,114,True,1
548,824,True,5
551,259,True,4
557,653,True,0
559,468,True,5
560,176,True,null
561,61,True,0
562,890,True,3
564,890,True,2
568,905,True,4
569,208,True,4
572,967,True,2
573,438,True,5
576,300,True,0
577,810,True,2
578,925,True,null
579,277,True,null
581,218,True,0
582,230,True,3
583,106,True,null
585,960,True,3
587,252,True,3
588,51,True,4
590,701,True,null
591,661,True,null
595,670,True,2
596,994,True,1
598,854,True,4
602,711,True,0
605,360,True,4
609,568,True,2
610,582,True,5
612,218,True,5
613,663,True,1
616,582,True,2
618,700,True,null
620,585,True,5
622,206,True,null
623,590,True,5
625,416,True,1
627,653,True,2
631,510,True,2
632,150,True,3
634,228,True,4
640,127,True,2
641,280,True,1
643,515,True,1
645,884,True,2
649,109,True,4
651,829,True,2
652,938,True,null
655,445,True,1
657,651,True,2
660,500,True,2
661,162,True,2
662,924,True,null
663,971,True,5
664,152,True,2
666,759,True,4
667,314,True,3
668,967,True,1
669,681,True,0
671,95,True,3
672,793,True,1
676,376,True,0
677,505,True,null
678,667,True,3
679,872,True,2
680,918,True,0
681,280,True,2
683,360,True,null
685,459,True,1
687,542,True,0
690,927,True,4
693,498,True,0
696,94,True,4
697,421,True,null
702,520,True,5
703,763,True,1
708,18,True,2
710,195,True,null
713,917,True,0
717,18,True,0
718,339,True,2
720,346,True,null
721,369,True,2
729,377,True,1
731,891,True,1
732,852,True,1
733,206,True,null
736,550,True,null
739,33,True,3
740,145,True,5
741,585,True,1
744,505,True,1
747,279,True,0
748,827,True,4
749,523,True,null
750,78,True,3
752,132,True,1
754,309,True,1
755,66,True,1
757,88,True,0
762,512,True,5
766,484,True,5
767,605,True,1
770,72,True,0
772,744,True,5
775,307,True,2
776,281,True,1
779,921,True,5
780,987,True,null
786,413,True,1
790,37,True,0
791,889,True,0
793,574,True,1
795,64,True,2
796,242,True,1
797,925,True,2
799,51,True,2
800,622,True,2
801,746,True,4
803,460,True,5
809,564,True,0
810,816,True,2
811,342,True,5
814,174,True,5
815,517,True,0
819,213,True,null
820,839,True,null
822,230,True,null
826,737,True,2
828,362,True,null
830,219,True,4
831,249,True,5
832,826,True,0
833,808,True,3
834,969,True,3
836,429,True,1
837,832,True,2
838,383,True,1
842,51,True,0
843,457,True,2
846,1000,True,4
847,242,True,null
849,445,True,0
850,803,True,1
851,376,True,0
860,603,True,null
861,124,True,1
862,137,True,0
866,825,True,null
872,80,True,4
874,914,True,3
875,982,True,2
877,320,True,3
878,330,True,null
879,729,True,3
880,35,True,1
882,53,True,null
883,510,True,4
885,329,True,null
886,347,True,4
888,523,True,0
891,4,True,2
895,374,True,2
898,141,True,0
900,763,True,null
901,651,True,3
902,14,True,5
903,46,True,2
904,360,True,0
905,380,True,null
907,825,True,4
910,995,True,0
912,280,True,1
915,869,True,null
916,796,True,3
917,612,True,1
920,783,True,4
922,660,True,1
923,560,True,2
928,41,True,4
930,377,True,4
931,298,True,3
932,394,True,1
933,722,True,null
938,718,True,2
939,84,True,2
942,532,True,3
945,706,True,0
946,631,True,2
947,999,True,0
949,706,True,3
951,979,True,2
952,273,True,5
953,227,True,3
954,577,True,0
955,29,True,null
959,551,True,2
961,598,True,2
962,590,True,null
969,645,True,3
970,30,True,3
975,487,True,5
976,660,True,null
977,54,True,0
979,482,True,5
980,110,True,0
983,230,True,0
984,10,True,3
990,780,True,3
993,338,True,3
994,792,True,1
995,388,True,5
996,790,True,3
997,22,True,4
998,424,True,5
1001,545,True,null
1005,644,True,5
1008,440,True,4
1009,96,True,1
1010,387,True,null
1012,772,True,null
1013,913,True,4
1015,581,True,1
1016,328,True,0
1017,561,True,1
1019,880,True,5
1022,949,True,2
1023,590,True,null
1024,701,True,5
1026,733,True,4
1028,478,True,null
1030,609,True,4
1035,667,True,4
1036,727,True,5
1038,24,True,3
1041,236,True,4
1044,568,True,1
1045,316,True,null
1047,82,True,1
1048,655,True,2
1049,649,True,2
1054,825,True,1
1056,673,True,2
1057,863,True,5
1059,575,True,5
1060,731,True,null
1063,956,True,3
1069,163,True,4
1070,216,True,1
1071,656,True,1
1074,522,True,4
1075,399,True,1
1076,337,True,0
1081,776,True,0
1083,660,True,4
1084,870,True,4
1086,287,True,5
1089,203,True,5
1093,828,True,3
1094,810,True,5
1098,400,True,4
1099,998,True,5
1100,594,True,4
1101,399,True,4
1104,248,True,4
1105,158,True,1
1109,554,True,3
1110,173,True,1
1112,579,True,4
1114,972,True,5
1115,556,True,4
1116,595,True,1
1120,448,True,0
1122,854,True,1
1123,83,True,2
1125,369,True,null
1127,253,True,3
1128,937,True,null
1132,66,True,0
1133,824,True,null
1134,390,True,1
1137,769,True,2
1142,311,True,1
1145,960,True,2
1149,722,True,0
1152,801,True,4
1154,806,True,2
1155,536,True,5
1158,246,True,3
1160,736,True,3
1161,775,True,5
1164,634,True,1
1165,201,True,3
1166,554,True,0
1167,361,True,0
1168,993,True,3
1170,246,True,4
1171,230,True,5
1173,693,True,5
1176,560,True,null
1181,741,True,5
1182,605,True,null
1184,622,True,5
1185,980,True,3
1186,801,True,null
1188,833,True,0
1189,958,True,1
1191,15,True,null
1194,292,True,0
1195,260,True,0
1200,560,True,2
1201,650,True,1
1202,373,True,2
1206,121,True,2
1207,500,True,4
1208,843,True,null
1209,858,True,0
1210,835,True,1
1211,373,True,3
1212,24,True,2
1213,611,True,0
1215,112,True,null
1217,504,True,3
1222,567,True,null
1224,211,True,0
1225,544,True,4
1226,14,True,5
1227,241,True,4
1228,978,True,1
1229,624,True,1
1231,867,True,4
1234,385,True,0
1235,797,True,3
1237,950,True,1
1238,123,True,0
1242,407,True,5
1244,609,True,5
1249,297,True,2
1252,653,True,2
1254,113,True,1
1257,893,True,2
1258,788,True,0
1262,531,True,null
1263,924,True,4
1267,960,True,3
1268,37,True,0
1273,301,True,0
1274,370,True,2
1275,55,True,1
1276,441,True,5
1277,773,True,4
1278,441,True,null
1279,932,True,4
1280,15,True,5
1283,510,True,5
1289,180,True,4
1292,161,True,1
1295,190,True,5
1297,774,True,5
1299,566,True,1
1300,509,True,null
1302,166,True,3
1303,315,True,5
1305,84,True,0
1308,506,True,5
1310,427,True,0
1312,652,True,3
1315,486,True,2
1316,677,True,2
1317,528,True,2
1320,490,True,1
1323,302,True,5
1326,30,True,null
1328,249,True,3
1329,29,True,2
1330,223,True,5
1334,389,True,null
1335,391,True,5
1336,573,True,0
1337,228,True,1
1339,400,True,2
1341,681,True,2
1342,797,True,4
1344,877,True,0
1346,186,True,4
1347,722,True,4
1351,493,True,0
1353,998,True,null
1354,743,True,0
1356,346,True,4
1357,186,True,3
1358,729,True,0
1361,792,True,5
1362,276,True,3
1363,33,True,2
1364,141,True,2
1370,756,True,2
1371,431,True,1
1372,502,True,1
1375,779,True,0
1376,992,True,2
1379,34,True,5
1381,922,True,0
1382,12,True,5
1385,526,True,1
1387,947,True,5
1388,966,True,4
1389,52,True,3
1390,511,True,3
1392,811,True,5
1398,499,True,2
1399,193,True,5
1400,49,True,4
1401,371,True,1
1404,602,True,2
1406,754,True,null
1407,702,True,4
1408,304,True,1
1409,688,True,5
1410,839,True,2
1413,698,True,4
1415,241,True,5
1416,30,True,2
1417,536,True,0
1420,14,True,0
1422,58,True,0
1423,657,True,3
1424,391,True,0
1425,117,True,0
1426,204,True,null
1428,558,True,1
1429,381,True,1
1432,538,True,0
1436,362,True,null
1440,651,True,0
1443,66,True,1
1445,760,True,1
1447,529,True,0
1450,366,True,0
1452,285,True,3
1459,499,True,3
1460,649,True,4
1461,573,True,1
1465,378,True,2
1467,150,True,4
1470,770,True,1
1471,358,True,null
1474,361,True,3
1476,363,True,1
1478,759,True,3
1479,50,True,5
1480,400,True,5
1481,535,True,3
1482,105,True,4
1483,837,True,null
1484,467,True,0
1485,798,True,2
1487,190,True,null
1496,914,True,4
1499,654,True,3
1502,171,True,5
1504,112,True,2
1506,970,True,0
1507,738,True,null
1509,256,True,4
1511,400,True,1
1517,546,True,1
1524,893,True,1
1525,88,True,4
1526,160,True,null
1530,122,True,2
1531,262,True,2
1533,954,True,5
1535,871,True,3
1538,841,True,5
1540,392,True,0
1543,971,True,1
1544,573,True,2
1545,997,True,0
1546,375,True,2
1548,677,True,4
1549,712,True,1
1552,603,True,1
1553,80,True,2
1554,1,True,2
1557,216,True,1
1558,119,True,4
1559,169,True,2
1561,14,True,2
1562,787,True,5
1565,165,True,null
1569,625,True,4
1573,907,True,3
1574,46,True,3
1576,889,True,0
1577,735,True,3
1579,973,True,0
1584,260,True,2
1585,831,True,1
1587,976,True,0
1588,102,True,1
1596,380,True,2
1597,252,True,4
1598,301,True,2
1603,226,True,4
1605,241,True,2
1606,663,True,null
1607,747,True,2
1608,781,True,3
1609,374,True,3
1611,525,True,2
1613,392,True,2
1614,704,True,5
1615,318,True,1
1618,484,True,5
1619,723,True,5
1620,108,True,4
1622,256,True,4
1623,714,True,null
1625,759,True,4
1626,617,True,0
1627,339,True,null
1631,914,True,2
1632,936,True,4
1635,707,True,4
1637,808,True,5
1644,605,True,1
1645,447,True,3
1646,138,True,0
1648,118,True,0
1649,349,True,3
1650,294,True,3
1652,60,True,1
1653,780,True,2
1657,192,True,2
1659,301,True,3
1662,545,True,4
1663,467,True,4
1664,467,True,1
1667,972,True,3
1668,894,True,5
1672,153,True,null
1673,634,True,4
1674,57,True,1
1675,643,True,3
1677,90,True,null
1678,809,True,4
1679,152,True,3
1680,522,True,0
1681,101,True,4
1682,913,True,5
1683,451,True,4
1685,977,True,3
1687,871,True,4
1692,717,True,0
1694,241,True,0
1696,446,True,5
1697,434,True,2
1698,514,True,2
1700,436,True,1
1701,625,True,5
1702,775,True,4
1704,234,True,null
1709,305,True,5
1710,840,True,3
1711,586,True,5
1716,634,True,null
1720,752,True,4
1723,579,True,2
1725,515,True,5
1728,687,True,2
1730,722,True,2
1733,812,True,null
1739,503,True,null
1740,72,True,2
1741,917,True,3
1743,506,True,1
1745,437,True,0
1746,829,True,null
1748,554,True,3
1749,109,True,0
1750,209,True,1
1751,811,True,0
1753,164,True,null
1754,655,True,4
1755,36,True,null
1756,481,True,3
1758,316,True,5
1759,339,True,1
1769,710,True,1
1771,276,True,4
1775,941,True,null
1776,469,True,5
1777,174,True,2
1778,592,True,null
1779,802,True,4
1780,491,True,2
1783,762,True,0
1785,948,True,3
1786,656,True,3
1787,994,True,2
1790,449,True,1
1792,77,True,null
1793,669,True,0
1795,502,True,5
1797,517,True,5
1798,701,True,1
1800,373,True,3
1801,957,True,5
1803,659,True,4
1804,253,True,4
1805,600,True,3
1806,812,True,3
1808,102,True,4
1809,978,True,4
1812,705,True,2
1815,681,True,1
1819,201,True,1
1820,52,True,5
1821,736,True,3
1824,913,True,3
1828,104,True,2
1829,392,True,3
1830,448,True,2
1832,73,True,0
1834,952,True,3
1835,989,True,3
1836,261,True,5
1837,957,True,1
1839,707,True,5
1843,498,True,2
1844,153,True,3
1845,762,True,1
1846,612,True,5
1847,345,True,2
1848,258,True,2
1849,693,True,0
1850,577,True,4
1852,181,True,1
1854,116,True,5
1855,975,True,1
1856,228,True,5
1857,642,True,2
1859,740,True,2
1863,522,True,1
1864,923,True,4
1869,88,True,null
1873,536,True,1
1875,296,True,5
1876,253,True,null
1878,204,True,5
1880,874,True,0
1881,560,True,null
1882,330,True,2
1885,406,True,0
1886,968,True,2
1887,720,True,2
1888,431,True,5
1889,889,True,3
1890,133,True,2
1891,249,True,4
1893,717,True,null
1896,281,True,3
1897,589,True,5
1900,364,True,3
1902,62,True,1
1909,16,True,0
1912,867,True,5
1915,974,True,1
1917,102,True,0
1919,381,True,4
1920,206,True,null
1921,384,True,4
1924,494,True,3
1927,597,True,4
1928,709,True,3
1930,301,True,4
1931,420,True,2
1934,689,True,3
1942,468,True,2
1944,928,True,2
1945,128,True,5
1948,833,True,3
1951,174,True,5
1952,790,True,null
1953,596,True,1
1954,935,True,2
1957,315,True,3
1958,729,True,0
1959,97,True,1
1961,325,True,null
1964,74,True,5
1965,261,True,4
1966,819,True,0
1968,912,True,0
1972,507,True,1
1977,660,True,3
1978,215,True,3
1979,678,True,0
1981,418,True,3
1982,324,True,5
1983,83,True,5
1984,54,True,4
1990,218,True,0
1991,763,True,null
1992,72,True,2
1994,405,True,5
1996,726,True,5
2000,109,True,null
2001,914,True,5
2002,209,True,null
2004,198,True,4
2006,991,True,4
2007,619,True,2
2010,873,True,2
2011,90,True,3
2015,780,True,1
2016,3,True,1
2017,417,True,0
2018,859,True,1
2021,922,True,4
2023,156,True,0
2024,689,True,3
2027,841,True,null
2028,438,True,3
2030,355,True,2
2031,360,True,null
2033,948,True,4
2039,716,True,5
2040,170,True,3
2041,98,True,1
2043,675,True,3
2047,187,True,null
2048,569,True,3
2049,263,True,null
2050,609,True,5
2052,996,True,1
2053,199,True,3
2054,584,True,null
2055,58,True,5
2056,737,True,null
2058,960,True,0
2059,177,True,0
2060,195,True,null
2061,733,True,0
2062,895,True,1
2063,482,True,null
2064,377,True,2
2068,868,True,null
2075,281,True,5
2076,53,True,null
2080,405,True,0
2081,750,True,4
2082,8,True,2
2085,758,True,0
2086,579,True,4
2087,176,True,null
2089,135,True,2
2090,567,True,5
2092,425,True,1
2093,491,True,2
2095,842,True,2
2096,920,True,null
2097,766,True,null
2098,157,True,1
2099,552,True,0
2101,820,True,2
2102,636,True,3
2103,149,True,2
2107,13,True,3
2109,464,True,4
2111,284,True,2
2114,297,True,2
2115,653,True,2
2116,778,True,5
2120,709,True,1
2121,626,True,null
2123,671,True,2
2124,715,True,5
2128,325,True,1
2129,102,True,3
2130,754,True,null
2133,562,True,4
2134,246,True,0
2137,727,True,0
2138,540,True,4
2140,183,True,1
2142,583,True,2
2143,750,True,null
2148,367,True,null
2151,299,True,1
2152,363,True,1
2154,97,True,4
2155,169,True,4
2156,809,True,null
2158,806,True,3
2159,541,True,4
2161,555,True,1
2162,701,True,1
2163,201,True,null
2168,778,True,5
2170,545,True,null
2172,173,True,1
2174,676,True,4
2175,818,True,0
2178,434,True,3
2182,912,True,2
2183,415,True,5
2186,832,True,null
2188,798,True,null
2189,856,True,2
2190,206,True,0
2191,824,True,null
2193,186,True,1
2195,178,True,null
2196,192,True,4
2199,32,True,5
2201,213,True,5
2202,840,True,5
2205,812,True,1
2210,624,True,0
2211,900,True,1
2213,862,True,2
2215,17,True,3
2217,506,True,null
2222,863,True,2
2226,653,True,0
2227,173,True,null
2228,683,True,3
2229,26,True,4
2233,547,True,0
2234,96,True,2
2237,547,True,2
2238,177,True,null
2242,631,True,2
2243,933,True,2
2245,444,True,0
2247,155,True,null
2251,571,True,4
2257,820,True,3
2259,497,True,5
2263,484,True,3
2267,676,True,1
2268,335,True,5
2272,594,True,3
2274,269,True,null
2277,583,True,null
2279,24,True,null
2280,617,True,3
2281,177,True,0
2284,526,True,5
2285,861,True,null
2286,70,True,2
2287,952,True,4
2289,825,True,1
2290,44,True,null
2291,334,True,2
2292,301,True,5
2293,488,True,2
2294,33,True,null
2296,22,True,2
2301,846,True,3
2306,20,True,null
2308,363,True,4
2309,365,True,3
2310,136,True,0
2314,789,True,4
2317,275,True,3
2321,896,True,1
2322,83,True,3
2323,944,True,5
2326,951,True,1
2329,844,True,0
2332,780,True,0
2333,148,True,2
2335,246,True,4
2336,680,True,null
2339,660,True,2
2340,944,True,2
2341,49,True,2
2344,615,True,0
2346,840,True,2
2347,951,True,2
2353,110,True,null
2356,40,True,2
2358,791,True,null
2360,2,True,null
2363,333,True,5
2365,422,True,4
2366,450,True,3
2367,51,True,2
2369,680,True,0
2370,344,True,5
2372,512,True,1
2373,695,True,null
2374,732,True,5
2376,904,True,null
2378,251,True,0
2379,647,True,null
2380,32,True,4
2383,608,True,5
2387,604,True,null
2389,350,True,2
2392,589,True,0
2397,385,True,null
2400,43,True,0
2402,409,True,2
2404,207,True,5
2406,167,True,0
2407,230,True,0
2409,271,True,4
2410,988,True,3
2411,678,True,3
2413,595,True,1
2417,162,True,3
2420,160,True,4
2422,195,True,null
2425,880,True,2
2426,266,True,null
2427,23,True,0
2428,302,True,1
2431,833,True,4
2433,508,True,2
2434,125,True,3
2436,316,True,0
2437,305,True,null
2439,316,True,null
2441,641,True,5
2442,556,True,5
2446,849,True,5
2448,988,True,null
2450,288,True,5
2451,837,True,5
2452,342,True,3
2456,462,True,null
2457,675,True,null
2458,894,True,2
2459,960,True,null
2461,454,True,4
2463,199,True,5
2464,503,True,2
2465,340,True,5
2467,625,True,2
2469,926,True,null
2470,854,True,null
2477,490,True,4
2479,406,True,0
2482,247,True,1
2488,850,True,5
2489,532,True,5
2490,364,True,3
2497,67,True,3
2499,735,True,null
2500,540,True,3
2504,22,True,3
2505,321,True,null
2506,164,True,1
2507,365,True,1
2508,382,True,1
2509,759,True,4
2511,319,True,2
2514,736,True,5
2517,581,True,3
2518,46,True,1
2519,157,True,0
2520,164,True,null
2522,942,True,1
2523,894,True,2
2534,189,True,null
2539,287,True,1
2540,424,True,null
2541,822,True,null
2542,717,True,null
2545,818,True,0
2546,259,True,1
2548,128,True,4
2549,658,True,5
2550,947,True,3
2551,551,True,null
2552,637,True,5
2554,532,True,3
2556,808,True,null
2557,15,True,5
2559,278,True,null
2560,370,True,null
2561,762,True,2
2565,672,True,0
2566,104,True,0
2568,29,True,null
2569,392,True,null
2571,567,True,3
2574,334,True,null
2578,210,True,5
2583,108,True,3
2585,522,True,1
2586,490,True,5
2587,812,True,3
2589,844,True,0
2590,476,True,0
2591,759,True,5
2592,456,True,2
2593,759,True,2
2596,818,True,5
2597,608,True,5
2601,650,True,3
2602,831,True,4
2603,80,True,0
2606,613,True,4
2607,707,True,2
2609,595,True,1
2611,666,True,5
2614,860,True,null
2615,464,True,5
2617,406,True,5
2618,825,True,2
2621,86,True,null
2624,432,True,0
2625,776,True,3
2626,978,True,1
2629,222,True,1
2630,492,True,5
2632,802,True,2
2633,601,True,2
2634,788,True,0
2636,16,True,3
2639,925,True,2
2640,293,True,2
2641,309,True,3
2643,358,True,null
2644,122,True,5
2646,879,True,3
2647,478,True,3
2652,470,True,5
2653,537,True,5
2654,33,True,1
2655,915,True,null
2657,948,True,null
2660,91,True,0
2661,244,True,5
2663,43,True,2
2664,932,True,5
2669,364,True,null
2670,856,True,4
2673,549,True,3
2674,692,True,5
2675,80,True,5
2677,265,True,0
2679,161,True,null
2682,741,True,null
2683,672,True,4
2684,586,True,2
2685,653,True,1
2686,960,True,null
2687,544,True,2
2688,273,True,1
2690,390,True,1
2692,326,True,4
2693,11,True,null
2695,481,True,null
2699,726,True,2
2705,575,True,0
2709,565,True,1
2710,643,True,4
2712,833,True,3
2713,848,True,3
2715,571,True,4
2716,544,True,null
2719,698,True,4
2721,84,True,3
2723,765,True,null
2725,419,True,1
2726,69,True,1
2727,245,True,null
2729,379,True,3
2730,910,True,3
2734,131,True,4
2735,658,True,5
2736,957,True,4
2737,548,True,4
2742,248,True,1
2743,253,True,2
2744,226,True,null
2745,455,True,3
2747,626,True,0
2750,163,True,3
2753,62,True,0
2759,9,True,3
2761,333,True,1
2766,43,True,null
2767,461,True,2
2772,521,True,null
2773,975,True,null
2775,280,True,5
2776,931,True,5
2777,881,True,3
2778,918,True,0
2780,475,True,2
2781,747,True,5
2788,384,True,4
2792,36,True,1
2794,400,True,2
2795,208,True,0
2797,217,True,2
2800,218,True,null
2805,39,True,null
2806,487,True,0
2811,693,True,4
2813,241,True,4
2814,735,True,2
2815,838,True,1
2822,268,True,1
2823,45,True,1
2825,723,True,4
2826,224,True,3
2827,422,True,1
2830,459,True,2
2833,413,True,2
2834,103,True,0
2835,473,True,3
2839,572,True,4
2840,549,True,4
2842,836,True,4
2843,862,True,5
2844,266,True,0
2845,199,True,3
2848,997,True,4
2851,791,True,null
2853,162,True,4
2855,390,True,3
2858,448,True,4
2863,998,True,null
2865,443,True,1
2866,744,True,0
2867,393,True,1
2868,372,True,2
2870,968,True,0
2871,971,True,null
2872,248,True,null
2873,875,True,1
2874,70,True,4
2876,325,True,0
2877,759,True,null
2878,228,True,0
2881,285,True,5
2884,205,True,3
2885,909,True,1
2886,813,True,2
2891,508,True,0
2893,194,True,2
2897,214,True,2
2898,788,True,0
2899,941,True,null
2900,302,True,1
2901,584,True,3
2902,195,True,null
2903,232,True,2
2906,228,True,3
2909,943,True,null
2911,274,True,4
2914,754,True,null
2915,281,True,2
2919,952,True,null
2920,550,True,1
2925,555,True,0
2928,957,True,3
2931,422,True,5
2932,334,True,null
2936,487,True,3
2940,982,True,2
2941,817,True,3
2943,736,True,null
2944,602,True,null
2945,141,True,2
2947,259,True,3
2950,547,True,4
2951,182,True,3
2952,720,True,1
2954,42,True,4
2955,379,True,3
2957,121,True,1
2958,500,True,0
2959,269,True,0
2961,109,True,2
2964,283,True,4
2971,802,True,3
2972,21,True,3
2973,334,True,2
2974,176,True,2
2975,763,True,1
2978,668,True,4
2980,238,True,0
2981,10,True,3
2989,572,True,5
2992,1,True,5
2993,777,True,1
3000,765,True,1
3001,37,True,5
3004,450,True,4
3006,818,True,1
3008,826,True,1
3009,668,True,5
3013,378,True,2
3014,380,True,null
3017,993,True,5
3020,222,True,5
3025,550,True,4
3026,37,True,1
3030,877,True,1
3032,291,True,3
3033,576,True,3
3036,749,True,2
3037,641,True,3
3038,256,True,4
3039,773,True,2
3040,487,True,0
3044,504,True,5
3045,745,True,4
3047,167,True,null
3048,463,True,0
3050,662,True,1
3051,550,True,4
3054,204,True,4
3056,25,True,4
3058,313,True,4
3063,431,True,2
3065,927,True,1
3066,496,True,3
3067,125,True,null
3069,940,True,3
3073,251,True,0
3075,1000,True,2
3076,403,True,3
3077,446,True,3
3078,674,True,0
3079,560,True,0
3086,712,True,0
3087,252,True,3
3088,438,True,0
3089,752,True,3
3090,366,True,2
3091,927,True,0
3095,419,True,0
3096,759,True,0
3097,345,True,5
3100,416,True,1
3102,463,True,3
3103,211,True,null
3104,304,True,2
3105,162,True,5
3112,57,True,0
3114,417,True,0
3116,938,True,null
3117,393,True,5
3118,535,True,4
3119,481,True,null
3120,61,True,2
3123,625,True,5
3124,993,True,2
3126,367,True,null
3128,997,True,5
3129,376,True,0
3130,551,True,4
3132,18,True,null
3135,478,True,4
3137,309,True,1
3140,928,True,2
3141,163,True,3
3142,477,True,4
3143,560,True,4
3146,250,True,null
3147,691,True,1
3148,140,True,5
3149,215,True,0
3150,279,True,5
3151,677,True,2
3154,506,True,3
3156,513,True,3
3160,433,True,3
3161,129,True,2
3162,335,True,null
3167,17,True,4
3169,287,True,null
3170,972,True,2
3173,635,True,2
3175,869,True,5
3178,389,True,4
3180,706,True,5
3182,366,True,1
3183,259,True,5
3184,943,True,5
3185,31,True,null
3186,412,True,4
3191,460,True,5
3194,643,True,4
3196,379,True,2
3197,854,True,0
3198,132,True,3
3199,853,True,0
3202,637,True,3
3203,133,True,null
3204,988,True,2
3205,729,True,3
3206,957,True,4
3209,971,True,1
3210,639,True,3
3211,254,True,5
3212,567,True,4
3214,656,True,1
3215,754,True,null
3216,707,True,5
3219,714,True,1
3223,54,True,5
3226,276,True,2
3227,563,True,2
3230,678,True,4
3231,987,True,4
3232,696,True,5
3233,246,True,4
3237,7,True,4
3239,353,True,null
3246,425,True,3
3247,215,True,0
3248,380,True,5
3251,317,True,3
3252,373,True,2
3254,61,True,5
3255,981,True,1
3256,883,True,3
3258,287,True,null
3259,136,True,0
3260,779,True,1
3261,88,True,1
3274,364,True,5
3275,563,True,5
3276,683,True,1
3277,830,True,2
3279,554,True,3
3281,739,True,3
3283,651,True,2
3284,891,True,2
3285,56,True,0
3287,360,True,4
3289,861,True,0
3292,432,True,null
3293,700,True,0
3296,161,True,0
3297,475,True,2
3302,851,True,0
3303,315,True,0
3305,377,True,null
3309,418,True,5
3310,831,True,3
3313,805,True,3
3315,928,True,1
3320,134,True,0
3321,602,True,null
3324,204,True,0
3325,43,True,2
3326,92,True,5
3327,707,True,0
3330,118,True,null
3332,994,True,4
3333,848,True,1
3335,544,True,4
3336,796,True,2
3338,362,True,5
3341,265,True,1
3342,196,True,0
3345,50,True,1
3346,255,True,3
3348,541,True,1
3349,971,True,5
3350,189,True,3
3351,323,True,5
3354,893,True,4
3358,538,True,5
3359,532,True,5
3361,901,True,null
3364,147,True,0
3368,845,True,2
3369,986,True,5
3372,660,True,4
3373,298,True,null
3376,35,True,5
3377,447,True,3
3379,326,True,4
3382,24,True,0
3383,549,True,4
3384,566,True,0
3385,654,True,2
3386,971,True,1
3388,183,True,null
3390,170,True,4
3391,180,True,3
3395,498,True,4
3400,643,True,0
3402,231,True,3
3407,210,True,3
3410,311,True,4
3411,395,True,null
3413,805,True,1
3416,171,True,1
3418,249,True,2
3419,997,True,2
3423,911,True,5
3432,940,True,5
3433,940,True,0
3436,885,True,2
3438,950,True,null
3440,365,True,null
3442,47,True,4
3443,563,True,4
3445,523,True,0
3446,165,True,3
3447,900,True,null
3453,640,True,4
3455,231,True,null
3456,331,True,5
3458,635,True,5
3459,972,True,4
3460,655,True,5
3461,660,True,2
3463,545,True,4
3464,854,True,4
3465,640,True,1
3466,304,True,3
3467,22,True,3
3469,2,True,0
3471,869,True,5
3473,835,True,null
3476,414,True,null
3477,7,True,1
3480,919,True,5
3482,501,True,null
3483,595,True,2
3486,45,True,1
3487,118,True,null
3488,496,True,4
3492,937,True,2
3498,473,True,3
3499,425,True,null
3501,296,True,4
3502,312,True,3
3504,937,True,null
3505,675,True,0
3508,136,True,null
3510,659,True,0
3511,777,True,1
3515,619,True,1
3517,827,True,2
3521,822,True,0
3522,613,True,null
3524,602,True,3
3526,346,True,3
3528,80,True,1
3529,742,True,1
3532,607,True,1
3534,702,True,1
3535,797,True,4
3537,891,True,1
3538,985,True,5
3539,153,True,1
3540,892,True,5
3541,311,True,null
3543,506,True,0
3544,72,True,3
3545,142,True,4
3546,299,True,0
3549,755,True,5
3550,728,True,2
3551,807,True,null
3554,394,True,3
3558,938,True,4
3559,863,True,3
3560,748,True,null
3567,456,True,3
3568,469,True,0
3571,684,True,2
3573,177,True,2
3574,394,True,0
3578,724,True,4
3579,784,True,5
3581,293,True,2
3585,745,True,5
3586,818,True,1
3587,360,True,2
3588,601,True,null
3589,45,True,3
3592,498,True,3
3594,734,True,null
3595,3,True,5
3597,455,True,null
3598,647,True,4
3601,381,True,2
3603,809,True,2
3606,758,True,2
3607,323,True,null
3608,879,True,0
3610,120,True,0
3619,661,True,null
3625,435,True,3
3627,856,True,0
3628,620,True,2
3630,360,True,5
3631,110,True,0
3632,489,True,null
3633,222,True,null
3634,562,True,5
3635,777,True,null
3636,591,True,0
3637,389,True,1
3638,806,True,3
3642,55,True,4
3644,570,True,5
3645,182,True,null
3646,207,True,3
3647,168,True,1
3653,175,True,5
3655,327,True,0
3657,20,True,0
3658,323,True,3
3660,997,True,3
3663,26,True,1
3665,173,True,0
3666,282,True,4
3667,856,True,1
3671,477,True,2
3672,197,True,1
3675,575,True,null
3676,547,True,0
3679,646,True,3
3680,876,True,2
3682,151,True,null
3685,376,True,5
3686,163,True,4
3690,486,True,1
3692,631,True,5
3694,134,True,0
3695,48,True,5
3696,444,True,2
3697,118,True,null
3699,118,True,2
3704,414,True,null
3705,412,True,4
3707,372,True,null
3708,412,True,5
3710,597,True,1
3711,112,True,3
3714,680,True,0
3716,909,True,5
3720,916,True,5
3721,316,True,0
3726,504,True,2
3727,77,True,5
3729,91,True,null
3733,140,True,2
3736,297,True,4
3738,307,True,4
3741,927,True,2
3743,293,True,0
3747,504,True,3
3749,369,True,1
3750,728,True,null
3751,905,True,3
3752,987,True,3
3754,944,True,1
3756,997,True,5
3758,574,True,5
3759,558,True,1
3761,478,True,null
3762,915,True,3
3763,239,True,4
3764,400,True,3
3765,428,True,5
3766,371,True,null
3767,421,True,5
3768,621,True,1
3769,838,True,4
3772,742,True,2
3773,59,True,0
3775,535,True,2
3779,812,True,null
3780,8,True,5
3783,364,True,0
3784,81,True,3
3785,670,True,2
3787,979,True,3
3789,739,True,4
3793,347,True,3
3794,990,True,5
3795,578,True,4
3798,91,True,5
3800,270,True,1
3801,664,True,5
3805,796,True,4
3807,836,True,4
3809,535,True,1
3810,101,True,null
3811,551,True,1
3813,864,True,null
3814,306,True,0
3817,918,True,5
3820,403,True,4
3822,783,True,null
3823,75,True,4
3824,602,True,4
3825,548,True,null
3826,455,True,1
3828,210,True,2
3830,605,True,2
3831,88,True,5
3835,40,True,5
3836,440,True,5
3837,401,True,5
3838,732,True,null
3840,899,True,3
3842,922,True,5
3843,679,True,3
3847,440,True,1
3849,585,True,3
3851,115,True,2
3852,704,True,1
3853,542,True,0
3855,581,True,2
3856,804,True,null
3857,797,True,null
3859,263,True,0
3861,809,True,2
3862,638,True,2
3864,774,True,1
3867,978,True,0
3869,877,True,2
3870,390,True,2
3872,264,True,3
3876,988,True,null
3878,636,True,0
3879,767,True,0
3880,46,True,null
3881,943,True,4
3882,950,True,1
3883,762,True,4
3884,873,True,3
3886,837,True,1
3887,863,True,null
3890,971,True,1
3893,954,True,0
3896,290,True,null
3898,621,True,3
3899,47,True,3
3902,352,True,4
3903,684,True,2
3904,768,True,5
3908,444,True,null
3909,333,True,0
3910,586,True,1
3911,313,True,0
3912,523,True,0
3913,495,True,0
3915,158,True,null
3916,199,True,2
3917,960,True,3
3918,517,True,1
3921,848,True,2
3923,760,True,null
3924,969,True,5
3932,652,True,null
3933,317,True,0
3938,167,True,4
3939,564,True,4
3940,462,True,1
3944,70,True,2
3946,749,True,5
3951,362,True,null
3952,363,True,1
3954,655,True,2
3956,457,True,0
3962,97,True,2
3963,4,True,2
3964,237,True,null
3965,184,True,0
3966,835,True,2
3967,450,True,3
3968,707,True,4
3972,552,True,5
3974,909,True,3
3977,961,True,null
3979,112,True,2
3980,220,True,1
3981,311,True,4
3982,212,True,4
3984,9,True,1
3987,11,True,5
3988,967,True,1
3989,672,True,4
3991,458,True,5
3992,178,True,null
3993,867,True,5
3994,906,True,5
3995,430,True,null
3996,425,True,1
3997,94,True,3
3998,772,True,0
3999,355,True,0
4000,58,True,0
4001,516,True,1
4005,518,True,1
4006,90,True,1
4007,909,True,2
4010,948,True,2
4011,785,True,5
4014,257,True,5
4016,500,True,null
4017,250,True,3
4018,193,True,2
4023,994,True,2
4024,650,True,4
4025,56,True,4
4026,133,True,4
4027,321,True,1
4033,1,True,4
4035,269,True,4
4037,155,True,0
4038,293,True,4
4040,506,True,2
4042,298,True,null
4044,868,True,null
4045,840,True,5
4047,764,True,0
4050,147,True,3
4052,637,True,3
4053,674,True,null
4056,246,True,4
4057,900,True,null
4058,331,True,null
4060,938,True,5
4061,393,True,0
4062,363,True,null
4065,552,True,0
4067,572,True,3
4071,21,True,null
4072,804,True,4
4073,408,True,4
4077,748,True,3
4080,992,True,5
4082,715,True,5
4084,57,True,2
4085,793,True,2
4094,566,True,4
4097,772,True,4
4099,526,True,3
4102,253,True,3
4103,433,True,0
4104,442,True,1
4105,749,True,0
4106,700,True,1
4108,250,True,0
4110,56,True,1
4116,129,True,null
4121,117,True,0
4122,393,True,2
4123,127,True,2
4125,307,True,1
4126,576,True,1
4127,851,True,4
4129,131,True,5
4131,822,True,1
4135,346,True,null
4136,235,True,0
4137,210,True,3
4139,660,True,1
4140,773,True,1
4141,4,True,4
4142,289,True,3
4147,80,True,1
4148,137,True,2
4151,314,True,3
4153,73,True,2
4154,897,True,2
4155,611,True,4
4156,387,True,2
4157,420,True,2
4159,84,True,1
4160,594,True,1
4163,698,True,null
4164,530,True,1
4165,58,True,5
4166,808,True,2
4172,364,True,5
4175,664,True,5
4176,845,True,0
4177,738,True,4
4179,540,True,3
4182,309,True,1
4183,641,True,1
4185,262,True,0
4186,349,True,5
4189,459,True,2
4190,565,True,null
4192,395,True,3
4193,492,True,4
4194,532,True,2
4196,330,True,0
4199,471,True,3
4200,341,True,0
4201,400,True,5
4202,180,True,2
4208,132,True,2
4209,959,True,1
4210,82,True,1
4214,290,True,0
4215,319,True,2
4217,737,True,4
4218,422,True,3
4222,912,True,3
4228,688,True,4
4230,413,True,4
4231,431,True,0
4233,759,True,1
4235,258,True,2
4238,458,True,2
4239,70,True,5
4242,16,True,1
4243,663,True,1
4244,857,True,0
4245,864,True,5
4246,844,True,1
4250,440,True,0
4253,227,True,1
4254,209,True,2
4259,991,True,3
4266,489,True,null
4267,250,True,2
4269,414,True,3
4273,82,True,3
4274,358,True,2
4278,199,True,1
4280,889,True,1
4286,17,True,5
4287,173,True,0
4288,807,True,2
4290,286,True,3
4292,237,True,5
4293,744,True,2
4295,438,True,2
4298,36,True,3
4299,623,True,4
4302,122,True,4
4303,794,True,1
4304,414,True,0
4305,285,True,5
4307,383,True,3
4308,339,True,null
4310,293,True,0
4311,308,True,4
4313,711,True,2
4314,996,True,2
4315,660,True,2
4316,82,True,0
4320,133,True,4
4321,63,True,2
4322,812,True,2
4325,965,True,1
4326,935,True,0
4328,183,True,2
4329,788,True,5
4331,419,True,2
4334,565,True,null
4336,496,True,1
4338,361,True,5
4339,10,True,0
4340,930,True,1
4342,482,True,2
4344,644,True,5
4347,545,True,4
4348,666,True,5
4351,405,True,4
4352,255,True,1
4353,431,True,0
4354,218,True,2
4356,553,True,0
4358,143,True,2
4359,933,True,2
4361,251,True,1
4362,462,True,2
4363,434,True,5
4366,273,True,5
4367,998,True,0
4373,243,True,0
4376,812,True,0
4378,64,True,1
4382,709,True,0
4383,498,True,null
4384,683,True,3
4388,33,True,3
4389,236,True,0
4391,766,True,5
4393,705,True,0
4397,589,True,3
4400,894,True,3
4401,389,True,3
4402,295,True,2
4405,86,True,3
4416,637,True,0
4417,518,True,null
4420,577,True,5
4421,810,True,5
4422,81,True,1
4423,478,True,2
4427,696,True,4
4429,16,True,1
4432,486,True,4
4434,513,True,null
4435,312,True,1
4436,202,True,null
4437,337,True,4
4439,76,True,null
4441,460,True,2
4444,245,True,4
4445,862,True,5
4447,115,True,null
4448,82,True,5
4449,801,True,0
4450,970,True,4
4451,202,True,5
4456,460,True,null
4460,2,True,3
4461,779,True,4
4464,114,True,5
4465,996,True,null
4467,122,True,1
4469,521,True,0
4471,217,True,3
4472,882,True,null
4473,835,True,1
4474,333,True,null
4476,599,True,0
4477,187,True,0
4478,839,True,1
4482,606,True,0
4483,98,True,2
4492,564,True,5
4493,137,True,2
4494,918,True,4
4496,996,True,0
4497,485,True,1
4498,928,True,0
4500,284,True,1
4502,944,True,4
4503,87,True,null
4504,161,True,0
4506,799,True,1
4507,526,True,5
4508,726,True,0
4509,663,True,4
4510,768,True,2
4511,101,True,0
4513,728,True,2
4514,271,True,5
4518,934,True,4
4520,991,True,4
4522,808,True,0
4523,633,True,3
4527,100,True,1
4532,180,True,3
4533,628,True,4
4535,641,True,null
4536,154,True,5
4541,602,True,5
4542,503,True,3
4544,71,True,3
4548,165,True,0
4550,410,True,0
4551,716,True,5
4552,765,True,null
4553,869,True,0
4554,925,True,2
4556,752,True,null
4560,259,True,5
4561,561,True,1
4563,371,True,2
4565,383,True,0
4568,42,True,4
4569,75,True,4
4570,833,True,4
4571,465,True,5
4572,155,True,5
4573,760,True,3
4574,127,True,1
4576,928,True,5
4577,583,True,5
4578,683,True,4
4580,926,True,3
4582,774,True,2
4584,786,True,4
4586,952,True,2
4587,659,True,2
4594,710,True,null
4599,802,True,4
4601,135,True,5
4602,1,True,5
4605,753,True,1
4612,217,True,5
4616,714,True,1
4617,630,True,5
4618,887,True,5
4620,796,True,0
4621,938,True,0
4623,61,True,null
4624,637,True,5
4625,959,True,null
4626,91,True,null
4627,175,True,4
4631,24,True,2
4634,180,True,null
4640,266,True,4
4641,103,True,3
4646,912,True,2
4648,36,True,3
4649,213,True,5
4651,94,True,2
4652,654,True,2
4655,501,True,0
4659,232,True,4
4661,71,True,1
4665,335,True,2
4668,56,True,4
4670,301,True,5
4671,25,True,3
4674,716,True,0
4675,443,True,3
4676,66,True,4
4681,459,True,4
4682,741,True,5
4685,907,True,3
4686,325,True,null
4687,314,True,0
4690,294,True,2
4691,40,True,1
4692,761,True,4
4695,251,True,5
4697,13,True,3
4698,739,True,1
4707,629,True,4
4708,32,True,4
4710,50,True,5
4711,55,True,3
4713,287,True,null
4714,114,True,5
4715,49,True,4
4717,143,True,0
4719,577,True,null
4720,10,True,1
4721,454,True,2
4722,451,True,0
4725,242,True,4
4726,76,True,5
4727,170,True,4
4728,318,True,2
4730,205,True,0
4731,996,True,null
4732,411,True,0
4735,641,True,0
4737,58,True,2
4738,731,True,0
4739,114,True,3
4740,625,True,1
4742,830,True,2
4744,958,True,2
4748,334,True,2
4750,892,True,null
4752,370,True,0
4753,558,True,2
4754,1,True,1
4755,860,True,4
4757,419,True,3
4758,183,True,null
4759,262,True,0
4764,701,True,1
4766,526,True,4
4768,582,True,0
4770,933,True,4
4772,321,True,3
4773,496,True,null
4774,500,True,0
4775,718,True,2
4778,383,True,null
4779,459,True,1
4780,236,True,null
4782,10,True,4
4785,56,True,1
4786,614,True,1
4787,387,True,2
4788,371,True,3
4790,30,True,1
4791,729,True,0
4794,180,True,null
4797,778,True,1
4799,543,True,2
4801,818,True,0
4802,67,True,5
4804,724,True,3
4807,573,True,null
4810,41,True,2
4811,894,True,5
4815,302,True,5
4817,418,True,null
4819,500,True,4
4820,142,True,3
4826,586,True,5
4829,868,True,1
4835,758,True,1
4837,291,True,4
4839,470,True,2
4840,491,True,1
4845,446,True,2
4846,828,True,2
4847,346,True,0
4849,10,True,1
4850,107,True,1
4851,937,True,4
4853,382,True,3
4854,107,True,4
4855,603,True,2
4858,409,True,0
4859,832,True,5
4860,717,True,5
4861,47,True,0
4865,865,True,2
4868,160,True,5
4869,609,True,2
4871,770,True,5
4873,975,True,null
4874,42,True,3
4875,624,True,null
4877,448,True,3
4878,280,True,5
4882,896,True,3
4884,333,True,null
4888,253,True,2
4890,499,True,5
4891,425,True,0
4893,165,True,1
4895,40,True,5
4898,188,True,3
4901,533,True,2
4902,670,True,0
4903,427,True,2
4904,577,True,5
4905,934,True,1
4906,720,True,5
4908,864,True,null
4910,861,True,1
4914,529,True,1
4918,948,True,1
4921,518,True,null
4923,938,True,1
4925,567,True,4
4926,10,True,null
4927,380,True,4
4932,259,True,5
4933,25,True,4
4934,692,True,5
4935,160,True,2
4936,420,True,4
4937,633,True,5
4938,591,True,2
4947,16,True,3
4950,410,True,3
4959,806,True,3
4960,745,True,1
4964,339,True,0
4967,331,True,5
4971,209,True,4
4973,723,True,null
4974,49,True,5
4975,210,True,1
4976,395,True,0
4977,425,True,5
4979,217,True,null
4981,543,True,null
4982,613,True,null
4984,292,True,1
4985,697,True,5
4989,333,True,2
4993,335,True,5
4995,290,True,2
4997,669,True,4
5001,820,True,1
5002,780,True,2
5003,927,True,null
5005,996,True,5
5006,931,True,null
5008,975,True,1
5011,626,True,5
5013,312,True,1
5015,516,True,null
5017,865,True,2
5018,60,True,null
5031,613,True,null
5033,377,True,1
5034,272,True,1
5036,215,True,0
5037,640,True,3
5041,104,True,3
5042,99,True,1
5043,546,True,5
5044,103,True,1
5047,60,True,5
5049,45,True,4
5051,930,True,1
5054,523,True,5
5057,60,True,3
5058,606,True,2
5059,523,True,5
5060,997,True,0
5061,240,True,3
5062,714,True,3
5063,576,True,2
5064,584,True,null
5065,168,True,2
5069,879,True,3
5073,280,True,1
5074,756,True,0
5075,75,True,0
5076,490,True,1
5077,452,True,3
5078,826,True,1
5080,525,True,0
5081,651,True,1
5082,958,True,2
5083,496,True,2
5084,376,True,0
5088,892,True,2
5090,654,True,3
5092,672,True,5
5094,502,True,5
5095,810,True,2
5097,487,True,3
5099,161,True,null
5100,248,True,4
5101,41,True,2
5102,250,True,1
5103,891,True,4
5104,578,True,1
5105,454,True,2
5106,784,True,null
5107,520,True,3
5108,67,True,5
5109,653,True,4
5113,734,True,4
5117,829,True,2
5119,365,True,null
5123,164,True,1
5126,707,True,4
5127,292,True,5
5130,984,True,0
5131,383,True,0
5132,59,True,3
5133,136,True,0
5134,853,True,1
5135,699,True,2
5136,805,True,5
5137,604,True,2
5139,323,True,null
5142,467,True,3
5143,704,True,1
5144,798,True,4
5148,505,True,3
5149,810,True,null
5152,679,True,4
5153,845,True,2
5155,28,True,2
5158,282,True,0
5161,875,True,2
5162,507,True,3
5163,744,True,4
5164,553,True,2
5167,800,True,5
5171,714,True,0
5172,11,True,4
5174,557,True,5
5175,877,True,2
5176,621,True,0
5178,149,True,5
5180,763,True,3
5182,438,True,2
5183,316,True,null
5185,483,True,0
5186,280,True,0
5189,139,True,null
5190,348,True,0
5191,158,True,1
5193,432,True,0
5195,819,True,3
5199,736,True,1
5202,130,True,5
5204,231,True,5
5206,847,True,null
5207,345,True,1
5208,218,True,5
5211,628,True,1
5215,358,True,null
5219,29,True,null
5220,914,True,null
5221,544,True,2
5222,545,True,2
5227,92,True,4
5228,126,True,0
5231,254,True,2
5232,516,True,1
5233,428,True,5
5234,18,True,3
5235,759,True,null
5241,659,True,3
5242,863,True,0
5244,720,True,1
5247,796,True,1
5248,225,True,null
5250,245,True,4
5252,363,True,null
5253,176,True,5
5255,318,True,4
5260,286,True,0
5262,182,True,null
5263,957,True,3
5266,949,True,3
5268,119,True,4
5269,674,True,4
5271,146,True,null
5273,286,True,5
5276,204,True,5
5277,488,True,4
5281,892,True,0
5282,888,True,0
5284,867,True,4
5285,671,True,2
5286,141,True,0
5287,350,True,3
5289,998,True,0
5295,341,True,5
5296,916,True,1
5297,766,True,null
5298,460,True,1
5299,629,True,2
5304,454,True,1
5307,588,True,null
5308,646,True,0
5309,587,True,3
5311,674,True,1
5312,138,True,1
5314,219,True,null
5316,526,True,0
5317,701,True,2
5318,188,True,5
5319,448,True,4
5321,774,True,null
5322,46,True,2
5324,125,True,1
5326,26,True,2
5327,87,True,1
5333,192,True,2
5334,236,True,4
5336,52,True,null
5337,496,True,5
5338,804,True,null
5344,681,True,2
5349,288,True,4
5350,690,True,4
5353,587,True,1
5354,644,True,4
5359,988,True,0
5360,688,True,null
5361,528,True,2
5362,891,True,2
5365,474,True,2
5367,229,True,2
5370,153,True,4
5371,916,True,2
5372,433,True,1
5374,67,True,2
5376,711,True,4
5378,595,True,5
5380,849,True,null
5381,974,True,5
5383,259,True,1
5385,662,True,null
5389,637,True,2
5392,568,True,null
5394,156,True,2
5397,616,True,0
5398,268,True,2
5399,800,True,1
5403,729,True,4
5406,459,True,4
5407,875,True,4
5408,796,True,5
5410,245,True,4
5411,812,True,0
5412,851,True,3
5415,552,True,1
5418,572,True,4
5419,595,True,3
5421,122,True,1
5423,901,True,2
5424,976,True,null
5427,630,True,null
5433,641,True,0
5434,652,True,null
5435,189,True,null
5438,923,True,0
5440,501,True,3
5441,401,True,2
5444,228,True,3
5445,409,True,0
5446,697,True,null
5451,560,True,1
5452,693,True,0
5453,957,True,4
5454,873,True,5
5458,830,True,1
5460,759,True,0
5462,869,True,null
5463,62,True,null
5466,957,True,4
5469,921,True,2
5470,275,True,5
5472,862,True,2
5474,638,True,2
5477,424,True,3
5478,573,True,0
5480,319,True,3
5481,420,True,0
5484,870,True,2
5485,569,True,2
5487,754,True,5
5489,218,True,2
5491,719,True,1
5493,193,True,1
5497,54,True,1
5500,587,True,5
5501,472,True,3
5502,967,True,4
5504,957,True,4
5506,10,True,0
5508,625,True,3
5510,809,True,2
5512,810,True,4
5515,29,True,1
5516,271,True,2
5518,61,True,2
5519,807,True,5
5522,1,True,null
5523,348,True,2
5525,638,True,2
5527,158,True,3
5528,51,True,4
5532,551,True,1
5534,29,True,3
5536,598,True,0
5537,706,True,2
5541,626,True,1
5543,556,True,5
5546,780,True,4
5547,72,True,null
5549,244,True,null
5551,374,True,0
5554,561,True,4
5555,130,True,5
5557,41,True,3
5559,677,True,null
5561,447,True,1
5563,517,True,1
5566,439,True,3
5568,830,True,4
5570,120,True,0
5571,802,True,null
5573,74,True,2
5574,601,True,5
5577,22,True,1
5578,768,True,3
5581,200,True,5
5583,544,True,4
5586,861,True,5
5587,1,True,1
5589,463,True,0
5590,585,True,1
5591,135,True,2
5592,420,True,null
5593,947,True,4
5595,671,True,3
5596,958,True,null
5599,220,True,0
5600,687,True,2
5601,102,True,1
5604,635,True,2
5605,510,True,2
5606,466,True,null
5608,601,True,3
5612,641,True,4
5613,634,True,0
5615,153,True,2
5619,307,True,4
5621,311,True,1
5623,528,True,5
5624,874,True,null
5625,132,True,0
5629,190,True,0
5631,732,True,0
5633,132,True,0
5634,447,True,null
5639,232,True,0
5642,604,True,null
5647,218,True,1
5648,269,True,3
5652,52,True,3
5653,140,True,4
5654,4,True,4
5656,859,True,4
5657,721,True,5
5660,360,True,0
5661,84,True,5
5662,109,True,null
5665,615,True,4
5668,815,True,3
5669,972,True,1
5670,3,True,null
5671,531,True,2
5672,631,True,1
5673,981,True,2
5674,175,True,4
5677,748,True,3
5679,899,True,4
5680,749,True,1
5682,156,True,null
5683,367,True,5
5685,273,True,0
5687,508,True,1
5689,391,True,0
5691,149,True,null
5692,884,True,5
5693,363,True,1
5694,329,True,1
5695,329,True,5
5697,291,True,1
5698,343,True,0
5700,311,True,4
5702,173,True,3
5704,846,True,2
5708,503,True,4
5712,439,True,3
5716,45,True,null
5717,507,True,4
5719,993,True,5
5720,236,True,5
5721,646,True,5
5722,901,True,4
5723,568,True,2
5729,760,True,4
5731,200,True,3
5732,403,True,2
5735,904,True,null
5738,176,True,4
5740,936,True,2
5742,831,True,0
5743,417,True,5
5746,238,True,null
5747,503,True,4
5748,250,True,4
5749,117,True,2
5753,347,True,null
5756,899,True,4
5759,833,True,0
5760,734,True,5
5763,25,True,4
5766,101,True,0
5767,547,True,0
5768,199,True,2
5771,282,True,0
5773,751,True,0
5779,999,True,3
5782,811,True,2
5783,57,True,5
5784,428,True,null
5786,933,True,3
5788,467,True,0
5789,670,True,1
5791,787,True,5
5792,329,True,3
5795,92,True,5
5796,701,True,null
5797,100,True,5
5798,221,True,4
5800,611,True,5
5804,298,True,1
5807,444,True,3
5808,886,True,null
5810,896,True,0
5812,340,True,5
5814,720,True,3
5815,922,True,null
5816,330,True,1
5817,31,True,4
5818,177,True,2
5822,773,True,5
5827,215,True,3
5828,884,True,5
5829,634,True,4
5832,726,True,4
5835,445,True,null
5839,605,True,null
5840,333,True,3
5841,619,True,4
5842,738,True,4
5843,278,True,4
5844,764,True,null
5845,476,True,1
5846,512,True,2
5848,250,True,2
5849,49,True,5
5851,400,True,1
5852,123,True,1
5853,167,True,4
5856,37,True,0
5857,841,True,3
5858,812,True,0
5859,920,True,3
5860,731,True,4
5861,593,True,1
5863,465,True,null
5864,385,True,0
5868,628,True,5
5871,28,True,3
5873,230,True,2
5874,307,True,2
5875,872,True,5
5877,535,True,4
5878,102,True,5
5879,385,True,5
5880,57,True,0
5882,628,True,null
5883,510,True,0
5884,163,True,2
5885,483,True,null
5888,527,True,0
5889,249,True,3
5891,72,True,4
5892,810,True,0
5895,229,True,5
5897,426,True,5
5898,103,True,5
5900,962,True,5
5902,774,True,4
5905,731,True,1
5910,87,True,1
5913,733,True,1
5916,34,True,null
5918,268,True,3
5922,141,True,0
5923,3,True,null
5924,517,True,2
5925,617,True,4
5930,889,True,0
5933,75,True,null
5935,732,True,5
5936,432,True,0
5938,213,True,5
5941,739,True,1
5943,688,True,3
5944,216,True,5
5948,257,True,3
5949,611,True,null
5951,622,True,5
5952,250,True,3
5953,703,True,3
5954,252,True,1
5955,394,True,3
5957,772,True,4
5959,158,True,5
5960,633,True,4
5961,525,True,0
5962,435,True,4
5963,175,True,3
5965,494,True,2
5966,898,True,null
5967,644,True,5
5968,934,True,1
5969,361,True,1
5970,288,True,4
5971,683,True,1
5972,737,True,0
5974,460,True,4
5975,395,True,3
5976,153,True,1
5977,786,True,3
5978,14,True,5
5979,816,True,5
5981,113,True,1
5982,64,True,5
5983,836,True,2
5987,11,True,1
5989,676,True,2
5990,39,True,2
5991,470,True,null
5992,93,True,0
5993,721,True,null
5994,16,True,0
5995,346,True,0
5997,764,True,1
6000,891,True,1
6004,541,True,null
6005,87,True,3
6007,237,True,1
6014,154,True,null
6018,657,True,2
6020,352,True,2
6021,85,True,null
6022,512,True,1
6023,770,True,4
6024,591,True,null
6025,187,True,5
6027,982,True,null
6028,181,True,1
6031,261,True,0
6034,537,True,4
6037,589,True,0
6039,926,True,2
6040,149,True,5
6042,122,True,2
6043,725,True,0
6045,119,True,1
6047,121,True,3
6048,880,True,0
6051,366,True,3
6052,542,True,2
6060,322,True,3
6061,398,True,null
6062,603,True,2
6066,657,True,4
6069,792,True,0
6071,232,True,2
6072,388,True,2
6073,667,True,1
6074,930,True,1
6076,376,True,1
6078,21,True,5
6081,414,True,2
6082,287,True,2
6083,464,True,4
6084,631,True,null
6086,421,True,2
6087,194,True,0
6095,693,True,4
6097,318,True,2
6098,401,True,null
6100,936,True,1
6101,124,True,4
6105,79,True,3
6106,318,True,0
6110,970,True,4
6111,356,True,null
6112,933,True,3
6114,495,True,3
6115,792,True,5
6116,434,True,5
6117,404,True,null
6118,652,True,4
6120,748,True,null
6121,676,True,null
6122,331,True,5
6123,260,True,0
6125,408,True,5
6126,794,True,null
6131,969,True,0
6134,109,True,3
6135,23,True,4
6136,592,True,1
6137,529,True,5
6139,569,True,0
6141,174,True,5
6144,452,True,4
6145,932,True,4
6146,758,True,3
6150,574,True,4
6154,445,True,null
6155,8,True,null
6156,399,True,0
6158,565,True,1
6164,281,True,2
6166,674,True,0
6168,71,True,5
6169,137,True,5
6171,626,True,0
6172,616,True,null
6175,283,True,2
6177,279,True,0
6178,750,True,3
6179,301,True,null
6183,573,True,3
6184,827,True,1
6186,459,True,5
6190,506,True,2
6191,29,True,3
6192,870,True,0
6193,307,True,4
6194,980,True,3
6196,781,True,3
6198,965,True,3
6199,371,True,5
6200,375,True,3
6201,702,True,3
6204,540,True,5
6206,265,True,5
6207,592,True,1
6209,793,True,1
6211,176,True,2
6213,382,True,null
6214,882,True,2
6216,624,True,null
6217,337,True,2
6218,290,True,null
6219,872,True,2
6223,930,True,0
6225,670,True,0
6226,55,True,4
6227,858,True,3
6228,286,True,null
6230,996,True,4
6232,687,True,0
6233,641,True,1
6234,79,True,5
6236,969,True,4
6237,575,True,null
6239,787,True,2
6240,541,True,4
6241,749,True,0
6245,364,True,3
6247,735,True,3
6249,625,True,3
6250,104,True,1
6251,424,True,1
6255,185,True,1
6256,587,True,4
6257,157,True,null
6259,485,True,1
6261,767,True,1
6263,306,True,2
6264,249,True,2
6267,526,True,1
6268,804,True,3
6270,931,True,null
6271,895,True,3
6273,467,True,null
6275,94,True,2
6278,184,True,4
6279,489,True,1
6280,644,True,4
6282,758,True,5
6283,639,True,0
6286,68,True,3
6288,571,True,2
6291,933,True,3
6292,931,True,0
6296,336,True,null
6297,459,True,1
6298,274,True,1
6301,962,True,null
6302,134,True,5
6304,256,True,0
6307,938,True,5
6309,755,True,2
6312,398,True,0
6313,913,True,2
6314,82,True,1
6317,753,True,0
6321,279,True,null
6323,437,True,0
6325,985,True,3
6327,655,True,0
6330,256,True,2
6332,560,True,5
6334,665,True,3
6337,975,True,4
6338,481,True,0
6339,469,True,2
6341,707,True,2
6343,805,True,1
6348,369,True,0
6349,957,True,5
6353,778,True,5
6354,360,True,5
6355,407,True,4
6360,911,True,4
6361,239,True,5
6364,806,True,2
6369,490,True,2
6370,665,True,5
6373,631,True,2
6376,873,True,4
6379,68,True,3
6381,188,True,2
6382,503,True,3
6383,975,True,3
6384,400,True,null
6385,91,True,1
6386,270,True,4
6387,367,True,4
6388,727,True,null
6390,684,True,null
6391,745,True,3
6394,242,True,2
6395,47,True,null
6396,425,True,null
6397,642,True,5
6398,559,True,0
6399,865,True,4
6400,313,True,1
6404,900,True,3
6405,180,True,0
6406,111,True,4
6410,646,True,0
6411,738,True,5
6412,756,True,2
6415,699,True,3
6418,792,True,1
6419,937,True,3
6423,728,True,5
6424,441,True,null
6426,910,True,2
6427,435,True,1
6428,223,True,4
6429,888,True,5
6430,112,True,2
6437,457,True,0
6439,316,True,3
6440,523,True,null
6441,309,True,5
6442,172,True,0
6444,171,True,2
6449,788,True,0
6451,654,True,0
6454,725,True,null
6458,446,True,2
6460,574,True,1
6464,344,True,3
6465,471,True,1
6466,229,True,null
6469,606,True,1
6470,478,True,4
6471,128,True,3
6473,604,True,5
6475,621,True,2
6476,207,True,null
6479,656,True,5
6483,673,True,2
6486,872,True,1
6487,167,True,1
6489,187,True,5
6491,847,True,2
6492,323,True,1
6494,99,True,4
6496,151,True,0
6498,132,True,4
6502,553,True,5
6505,706,True,5
6506,756,True,null
6510,829,True,3
6511,99,True,null
6514,297,True,0
6518,716,True,2
6519,302,True,null
6525,843,True,null
6527,329,True,2
6529,205,True,5
6531,928,True,1
6532,965,True,0
6536,47,True,5
6537,267,True,1
6539,114,True,2
6541,618,True,3
6544,452,True,3
6545,705,True,0
6546,877,True,0
6548,847,True,3
6549,631,True,3
6550,57,True,2
6552,86,True,3
6553,806,True,5
6555,752,True,0
6556,166,True,5
6557,99,True,5
6558,663,True,2
6560,741,True,5
6566,831,True,5
6571,346,True,4
6574,485,True,3
6577,819,True,3
6579,771,True,0
6580,821,True,0
6581,748,True,2
6582,324,True,2
6583,381,True,3
6586,272,True,2
6588,825,True,1
6591,490,True,2
6594,844,True,0
6595,476,True,0
6596,746,True,4
6600,368,True,4
6601,625,True,0
6603,989,True,5
6606,23,True,3
6607,741,True,1
6608,750,True,3
6609,642,True,null
6612,855,True,3
6614,241,True,5
6615,752,True,2
6618,193,True,2
6624,141,True,4
6627,494,True,0
6631,23,True,5
6632,593,True,5
6633,710,True,0
6634,633,True,1
6635,530,True,2
6636,852,True,3
6637,648,True,2
6639,308,True,2
6641,658,True,0
6642,203,True,0
6646,699,True,3
6647,693,True,2
6648,214,True,1
6649,387,True,1
6651,475,True,4
6652,817,True,5
6660,476,True,1
6666,26,True,3
6667,879,True,0
6669,853,True,4
6670,512,True,3
6671,667,True,4
6672,911,True,3
6675,761,True,null
6677,522,True,0
6678,302,True,3
6680,325,True,2
6685,104,True,2
6688,567,True,3
6689,519,True,0
6690,856,True,3
6691,113,True,1
6692,194,True,4
6695,947,True,0
6698,745,True,3
6699,329,True,4
6700,684,True,3
6701,858,True,5
6702,758,True,3
6703,312,True,4
6710,423,True,4
6711,411,True,4
6712,309,True,0
6713,965,True,1
6714,691,True,2
6718,1000,True,3
6720,271,True,0
6722,525,True,0
6723,144,True,1
6725,603,True,5
6727,255,True,4
6728,954,True,null
6730,949,True,null
6733,99,True,5
6734,862,True,2
6736,646,True,5
6737,945,True,3
6740,90,True,1
6741,600,True,null
6742,356,True,0
6746,418,True,2
6748,725,True,2
6755,203,True,2
6756,195,True,4
6757,876,True,2
6760,753,True,4
6766,558,True,3
6768,521,True,5
6769,474,True,null
6772,449,True,null
6773,536,True,4
6774,633,True,0
6777,935,True,3
6779,724,True,1
6780,808,True,1
6782,730,True,0
6784,126,True,1
6785,726,True,2
6790,533,True,1
6791,725,True,3
6794,614,True,5
6795,396,True,2
6796,844,True,0
6798,279,True,2
6799,810,True,0
6800,190,True,4
6802,741,True,3
6804,71,True,4
6808,516,True,2
6811,709,True,4
6812,241,True,1
6818,552,True,2
6820,311,True,5
6821,76,True,3
6822,323,True,null
6823,517,True,3
6824,434,True,4
6825,674,True,2
6829,739,True,5
6830,374,True,1
6831,637,True,null
6833,802,True,3
6834,809,True,null
6835,13,True,null
6837,658,True,2
6839,416,True,null
6842,762,True,1
6843,353,True,2
6846,453,True,0
6847,5,True,5
6848,217,True,1
6850,262,True,4
6852,945,True,1
6853,717,True,5
6855,225,True,5
6858,825,True,null
6860,534,True,3
6864,302,True,3
6865,877,True,0
6866,763,True,0
6867,916,True,2
6870,853,True,4
6873,949,True,null
6874,973,True,null
6875,148,True,4
6879,629,True,1
6881,396,True,0
6882,134,True,3
6884,918,True,null
6885,412,True,3
6889,480,True,4
6891,400,True,5
6892,27,True,1
6898,367,True,4
6901,387,True,5
6905,228,True,2
6906,55,True,1
6909,610,True,1
6910,667,True,4
6913,52,True,5
6915,706,True,2
6916,363,True,3
6918,468,True,2
6920,958,True,1
6921,819,True,5
6927,261,True,5
6928,394,True,3
6929,327,True,0
6930,755,True,3
6931,398,True,2
6933,607,True,null
6935,822,True,3
6936,286,True,1
6937,760,True,2
6938,995,True,3
6942,53,True,3
6943,493,True,1
6945,770,True,5
6946,893,True,0
6950,208,True,1
6951,846,True,4
6952,293,True,5
6953,846,True,4
6954,287,True,5
6959,749,True,3
6961,404,True,4
6962,882,True,4
6965,196,True,4
6967,579,True,3
6968,863,True,5
6969,404,True,2
6970,188,True,3
6971,369,True,2
6973,485,True,null
6974,54,True,5
6975,776,True,0
6978,21,True,2
6980,729,True,3
6981,726,True,0
6983,184,True,4
6984,375,True,2
6987,488,True,2
6988,454,True,null
6990,380,True,null
6991,972,True,0
6994,873,True,null
6996,659,True,0
6998,653,True,1
7000,568,True,4
7003,588,True,3
7005,397,True,1
7006,807,True,1
7008,900,True,5
7009,514,True,1
7010,412,True,1
7011,219,True,0
7012,567,True,null
7013,742,True,4
7014,392,True,4
7015,427,True,5
7016,681,True,2
7017,779,True,4
7025,298,True,4
7026,433,True,null
7028,774,True,3
7029,290,True,4
7030,606,True,3
7031,326,True,3
7038,549,True,1
7039,608,True,2
7041,227,True,0
7042,788,True,1
7045,677,True,5
7048,702,True,5
7049,69,True,2
7050,798,True,1
7051,807,True,0
7054,984,True,2
7056,873,True,null
7057,934,True,2
7059,525,True,5
7063,242,True,4
7064,745,True,5
7069,710,True,null
7070,418,True,null
7071,608,True,null
7076,639,True,5
7077,585,True,5
7078,620,True,2
7081,551,True,1
7084,90,True,4
7085,265,True,1
7086,573,True,2
7088,287,True,3
7089,121,True,5
7090,699,True,null
7091,810,True,2
7092,29,True,0
7094,546,True,4
7095,524,True,3
7096,777,True,2
7097,248,True,null
7098,967,True,null
7099,185,True,5
7100,836,True,5
7101,62,True,3
7105,851,True,3
7108,325,True,3
7109,349,True,5
7110,603,True,2
7111,477,True,3
7113,411,True,2
7114,247,True,null
7116,156,True,5
7118,331,True,1
7121,623,True,0
7122,954,True,null
7123,521,True,3
7125,43,True,3
7126,457,True,0
7127,700,True,null
7129,482,True,2
7130,869,True,1
7135,887,True,1
7137,56,True,4
7138,101,True,5
7139,349,True,null
7140,543,True,1
7141,555,True,5
7143,603,True,5
7146,90,True,null
7150,922,True,3
7153,387,True,2
7154,737,True,0
7155,555,True,null
7156,928,True,4
7157,901,True,0
7159,183,True,2
7164,31,True,null
7169,161,True,1
7172,874,True,1
7173,638,True,5
7174,975,True,0
7176,660,True,2
7177,768,True,4
7178,747,True,2
7179,579,True,1
7184,370,True,3
7185,480,True,1
7186,673,True,1
7188,797,True,4
7189,782,True,3
7192,34,True,4
7193,172,True,1
7196,637,True,0
7197,28,True,5
7198,806,True,5
7202,334,True,2
7203,774,True,5
7204,828,True,2
7205,992,True,null
7206,514,True,1
7207,312,True,3
7208,820,True,2
7209,895,True,4
7211,620,True,4
7212,364,True,0
7213,724,True,0
7216,464,True,0
7217,950,True,2
7218,540,True,0
7221,941,True,3
7222,688,True,5
7224,125,True,2
7225,738,True,2
7226,168,True,4
7228,967,True,1
7230,974,True,1
7232,871,True,0
7236,590,True,null
7237,105,True,null
7243,571,True,5
7247,162,True,4
7248,320,True,2
7249,694,True,3
7250,564,True,0
7251,525,True,0
7256,123,True,5
7257,376,True,3
7258,78,True,1
7262,295,True,null
7263,639,True,5
7264,822,True,4
7265,890,True,1
7266,894,True,4
7267,994,True,3
7268,357,True,3
7272,815,True,5
7273,528,True,null
7277,437,True,3
7281,854,True,4
7290,678,True,null
7291,530,True,0
7293,987,True,1
7294,250,True,1
7297,954,True,4
7298,332,True,1
7301,369,True,1
7302,356,True,2
7304,82,True,3
7306,642,True,null
7307,294,True,0
7312,670,True,2
7313,873,True,0
7314,97,True,null
7320,112,True,5
7322,69,True,1
7323,356,True,1
7325,768,True,1
7329,683,True,5
7330,979,True,4
7331,657,True,null
7332,129,True,2
7333,196,True,3
7334,638,True,null
7335,258,True,null
7336,268,True,null
7337,547,True,4
7340,319,True,5
7343,653,True,2
7344,377,True,1
7345,482,True,3
7349,607,True,2
7350,741,True,0
7353,36,True,null
7355,733,True,3
7356,960,True,3
7357,973,True,1
7358,54,True,0
7360,622,True,0
7361,651,True,3
7362,475,True,0
7367,53,True,4
7369,642,True,null
7370,898,True,3
7371,576,True,4
7372,276,True,null
7374,413,True,3
7377,257,True,1
7378,646,True,0
7380,79,True,4
7382,777,True,4
7384,900,True,null
7385,666,True,5
7387,908,True,3
7390,751,True,4
7391,13,True,null
7392,716,True,0
7394,583,True,3
7395,331,True,0
7396,283,True,null
7397,656,True,2
7398,220,True,5
7399,712,True,null
7404,329,True,3
7405,107,True,null
7407,235,True,2
7409,805,True,null
7413,615,True,1
7417,910,True,1
7418,180,True,0
7420,203,True,5
7424,77,True,3
7425,674,True,0
7426,643,True,3
7427,975,True,null
7428,971,True,null
7429,301,True,null
7430,275,True,1
7431,247,True,2
7432,51,True,null
7436,594,True,4
7437,413,True,2
7438,187,True,4
7440,210,True,1
7441,563,True,4
7442,326,True,4
7443,724,True,null
7445,161,True,2
7446,650,True,2
7451,624,True,5
7453,534,True,4
7454,295,True,5
7456,241,True,0
7457,643,True,1
7459,358,True,4
7460,219,True,4
7464,425,True,0
7466,574,True,4
7470,169,True,1
7472,118,True,4
7474,50,True,null
7476,885,True,2
7477,973,True,5
7479,132,True,0
7480,578,True,0
7481,898,True,null
7482,807,True,1
7484,5,True,1
7485,337,True,1
7489,376,True,2
7490,695,True,1
7491,327,True,5
7501,74,True,1
7502,718,True,1
7504,307,True,1
7506,469,True,null
7510,810,True,5
7511,581,True,1
7512,950,True,5
7514,191,True,1
7515,318,True,4
7517,237,True,1
7518,550,True,0
7519,299,True,2
7521,140,True,4
7523,995,True,5
7529,570,True,4
7532,794,True,null
7533,426,True,3
7534,570,True,2
7535,367,True,3
7540,151,True,5
7541,703,True,1
7543,302,True,0
7544,525,True,2
7547,338,True,0
7548,728,True,2
7549,881,True,5
7550,472,True,0
7552,488,True,null
7554,595,True,3
7555,520,True,2
7557,981,True,5
7561,664,True,5
7563,940,True,3
7565,234,True,0
7566,711,True,4
7568,369,True,5
7569,499,True,5
7571,398,True,null
7573,11,True,2
7576,323,True,3
7578,937,True,4
7579,957,True,null
7586,380,True,2
7587,660,True,null
7590,213,True,5
7592,102,True,2
7594,38,True,null
7595,459,True,5
7596,234,True,2
7598,879,True,0
7602,462,True,3
7603,293,True,2
7605,160,True,4
7607,181,True,4
7608,776,True,3
7610,490,True,5
7612,563,True,1
7613,380,True,null
7615,533,True,5
7616,267,True,0
7622,595,True,4
7628,748,True,1
7629,499,True,4
7632,965,True,1
7638,797,True,null
7639,44,True,1
7641,264,True,2
7644,567,True,2
7645,209,True,0
7646,782,True,5
7647,987,True,4
7648,944,True,0
7650,525,True,3
7651,42,True,1
7652,231,True,4
7653,643,True,4
7654,877,True,5
7656,110,True,4
7658,876,True,0
7659,538,True,null
7662,562,True,5
7663,579,True,4
7664,622,True,3
7665,656,True,3
7667,9,True,0
7668,121,True,null
7670,433,True,0
7671,802,True,1
7672,897,True,null
7676,871,True,5
7677,903,True,4
7678,284,True,3
7679,674,True,0
7682,520,True,0
7684,35,True,null
7687,307,True,null
7690,506,True,4
7694,725,True,1
7699,546,True,3
7700,221,True,1
7701,350,True,1
7709,313,True,2
7710,586,True,4
7712,368,True,null
7713,338,True,3
7716,957,True,null
7717,79,True,3
7719,942,True,4
7720,532,True,3
7721,299,True,null
7722,887,True,0
7725,763,True,2
7727,165,True,4
7728,819,True,null
7729,414,True,4
7730,183,True,0
7732,832,True,4
7733,910,True,3
7737,373,True,2
7738,76,True,2
7740,352,True,2
7741,682,True,4
7742,511,True,1
7745,385,True,5
7747,654,True,0
7748,966,True,4
7750,326,True,4
7754,500,True,null
7755,840,True,4
7756,195,True,5
7758,340,True,null
7759,36,True,1
7762,1000,True,4
7763,389,True,0
7764,724,True,5
7767,44,True,3
7768,206,True,null
7771,895,True,0
7778,185,True,3
7782,118,True,null
7783,694,True,2
7788,178,True,5
7789,372,True,4
7792,629,True,3
7795,387,True,5
7796,394,True,2
7797,454,True,null
7798,42,True,2
7799,214,True,0
7808,809,True,4
7810,959,True,5
7811,742,True,0
7814,345,True,null
7818,846,True,2
7819,528,True,3
7820,20,True,5
7821,334,True,4
7822,445,True,null
7823,319,True,1
7824,572,True,1
7827,465,True,5
7828,19,True,1
7830,746,True,4
7833,604,True,0
7835,544,True,2
7837,415,True,1
7838,446,True,2
7840,239,True,5
7842,441,True,5
7844,906,True,null
7845,367,True,0
7846,651,True,3
7847,6,True,3
7849,692,True,1
7850,553,True,2
7855,657,True,4
7857,629,True,0
7859,434,True,4
7860,143,True,null
7861,444,True,4
7865,240,True,2
7868,915,True,2
7869,188,True,3
7871,26,True,1
7872,474,True,null
7879,804,True,null
7882,81,True,5
7883,584,True,2
7887,376,True,2
7888,244,True,5
7889,657,True,null
7890,671,True,2
7892,539,True,4
7893,988,True,5
7896,581,True,3
7897,234,True,4
7898,925,True,null
7899,235,True,4
7901,589,True,3
7902,418,True,null
7903,253,True,3
7904,67,True,1
7906,615,True,2
7907,707,True,0
7908,304,True,2
7910,274,True,1
7911,218,True,null
7912,838,True,2
7913,735,True,2
7916,86,True,3
7917,625,True,1
7918,180,True,4
7919,614,True,2
7920,178,True,1
7923,443,True,4
7925,326,True,0
7927,137,True,1
7929,489,True,null
7930,309,True,null
7936,837,True,3
7938,831,True,3
7942,958,True,4
7944,267,True,null
7947,493,True,null
7948,452,True,null
7951,769,True,null
7952,753,True,1
7954,538,True,2
7955,933,True,4
7957,544,True,0
7962,20,True,0
7965,674,True,0
7966,13,True,1
7967,87,True,3
7968,520,True,5
7971,29,True,0
7972,177,True,1
7973,978,True,5
7974,291,True,null
7976,416,True,4
7977,978,True,null
7978,545,True,2
7983,672,True,4
7984,991,True,3
7985,362,True,5
7986,403,True,3
7988,127,True,3
7989,224,True,0
7990,112,True,1
7993,39,True,0
7994,618,True,0
7995,289,True,0
7996,120,True,5
7998,107,True,5
7999,150,True,null
8000,65,True,4
8002,195,True,2
8005,359,True,5
8006,941,True,1
8007,798,True,0
8009,665,True,3
8010,580,True,null
8012,432,True,1
8016,972,True,1
8020,677,True,4
8021,718,True,null
8022,963,True,1
8026,184,True,5
8027,388,True,0
8028,167,True,3
8029,117,True,2
8030,296,True,null
8031,345,True,2
8033,68,True,5
8043,181,True,null
8046,808,True,null
8048,369,True,2
8050,69,True,null
8054,18,True,3
8057,306,True,null
8058,353,True,1
8065,319,True,0
8066,581,True,0
8067,312,True,null
8068,399,True,0
8070,336,True,null
8071,522,True,4
8074,966,True,5
8075,998,True,0
8077,205,True,2
8078,561,True,1
8079,425,True,4
8080,466,True,3
8081,398,True,4
8083,294,True,4
8085,66,True,1
8086,192,True,0
8087,733,True,null
8088,658,True,2
8091,909,True,4
8094,355,True,0
8095,397,True,null
8096,122,True,1
8097,242,True,4
8098,532,True,2
8103,320,True,0
8106,35,True,null
8107,51,True,4
8108,597,True,1
8110,751,True,0
8112,159,True,3
8114,76,True,null
8116,730,True,3
8117,154,True,null
8121,136,True,3
8123,181,True,null
8124,978,True,5
8125,263,True,5
8126,193,True,2
8130,152,True,1
8134,264,True,0
8142,112,True,0
8145,448,True,1
8150,801,True,1
8151,907,True,1
8153,853,True,2
8154,321,True,3
8156,702,True,4
8157,638,True,4
8159,98,True,1
8161,663,True,4
8164,772,True,5
8167,842,True,3
8171,1,True,1
8174,381,True,2
8175,649,True,0
8176,115,True,2
8183,401,True,5
8184,625,True,null
8185,739,True,2
8186,706,True,1
8189,403,True,1
8194,812,True,null
8199,136,True,3
8202,647,True,1
8203,423,True,0
8204,288,True,2
8206,688,True,2
8208,703,True,3
8210,941,True,1
8212,830,True,null
8216,948,True,null
8217,136,True,0
8218,410,True,3
8221,580,True,3
8223,249,True,4
8224,822,True,5
8225,283,True,0
8226,871,True,null
8227,542,True,null
8229,133,True,4
8230,434,True,null
8232,57,True,5
8234,752,True,3
8235,566,True,5
8237,406,True,3
8239,812,True,1
8240,646,True,null
8241,156,True,1
8242,135,True,1
8244,926,True,5
8251,749,True,null
8252,536,True,4
8253,31,True,5
8254,49,True,null
8257,89,True,5
8258,231,True,5
8260,699,True,null
8261,348,True,5
8264,989,True,2
8265,563,True,null
8267,671,True,4
8268,911,True,4
8269,638,True,0
8272,167,True,2
8273,352,True,2
8274,307,True,null
8277,454,True,3
8278,158,True,4
8280,428,True,3
8284,36,True,3
8289,324,True,0
8290,760,True,3
8291,953,True,null
8292,2,True,null
8293,323,True,0
8294,998,True,3
8295,954,True,2
8296,550,True,3
8297,92,True,0
8301,912,True,null
8303,28,True,0
8304,279,True,0
8308,375,True,5
8310,550,True,null
8314,114,True,4
8317,456,True,5
8319,797,True,2
8322,797,True,null
8324,733,True,4
8328,466,True,1
8332,469,True,2
8333,413,True,null
8335,318,True,5
8336,3,True,null
8338,439,True,3
8340,103,True,2
8342,371,True,2
8345,615,True,3
8350,871,True,4
8351,41,True,null
8354,304,True,0
8358,663,True,2
8361,641,True,2
8363,578,True,4
8367,514,True,1
8370,644,True,4
8371,304,True,5
8372,709,True,0
8373,73,True,5
8374,3,True,3
8375,638,True,3
8376,271,True,2
8377,436,True,3
8379,564,True,4
8381,544,True,2
8382,834,True,2
8383,967,True,0
8386,122,True,null
8387,897,True,2
8389,689,True,2
8391,662,True,3
8392,98,True,0
8393,262,True,5
8395,381,True,null
8399,418,True,1
8400,293,True,3
8401,357,True,null
8404,808,True,0
8405,271,True,3
8406,907,True,3
8408,544,True,4
8410,6,True,3
8415,98,True,5
8416,758,True,0
8418,828,True,4
8420,762,True,0
8421,19,True,4
8423,844,True,2
8424,172,True,0
8426,1000,True,5
8427,835,True,null
8436,374,True,1
8438,387,True,2
8441,475,True,2
8443,347,True,2
8444,779,True,5
8445,362,True,2
8447,230,True,2
8450,741,True,1
8452,301,True,5
8453,931,True,1
8454,576,True,0
8457,959,True,3
8459,918,True,2
8460,57,True,1
8462,739,True,2
8466,320,True,5
8467,22,True,null
8468,942,True,5
8470,674,True,3
8472,956,True,4
8473,509,True,1
8475,757,True,4
8481,134,True,null
8482,590,True,3
8484,290,True,2
8487,412,True,4
8488,840,True,null
8489,109,True,0
8490,964,True,0
8492,874,True,0
8499,856,True,2
8501,818,True,4
8502,431,True,2
8503,717,True,4
8505,653,True,2
8507,798,True,4
8508,122,True,3
8510,358,True,null
8511,363,True,3
8515,463,True,3
8516,153,True,null
8519,400,True,null
8520,836,True,1
8524,359,True,2
8525,54,True,4
8530,916,True,0
8533,100,True,5
8534,279,True,2
8538,947,True,2
8539,330,True,5
8541,689,True,1
8542,666,True,1
8544,529,True,null
8546,986,True,0
8547,312,True,4
8549,186,True,2
8550,116,True,3
8551,232,True,3
8552,771,True,1
8553,410,True,0
8555,116,True,3
8556,941,True,null
8557,759,True,5
8559,471,True,0
8560,279,True,3
8562,577,True,1
8566,777,True,4
8567,462,True,null
8570,312,True,1
8571,824,True,3
8574,639,True,5
8576,786,True,3
8578,936,True,null
8580,119,True,4
8581,861,True,1
8583,457,True,0
8586,69,True,4
8590,762,True,3
8595,476,True,1
8597,496,True,0
8598,397,True,2
8601,551,True,4
8605,852,True,null
8607,200,True,null
8609,108,True,0
8610,671,True,2
8611,86,True,null
8612,369,True,4
8613,711,True,0
8615,388,True,1
8616,141,True,0
8618,103,True,1
8619,408,True,null
8620,989,True,0
8623,67,True,4
8626,843,True,0
8627,493,True,null
8628,731,True,5
8632,353,True,0
8636,150,True,5
8638,325,True,null
8639,285,True,1
8640,184,True,4
8642,342,True,null
8644,583,True,3
8646,696,True,2
8648,530,True,3
8649,157,True,4
8650,38,True,4
8651,532,True,5
8652,943,True,2
8653,379,True,0
8654,248,True,1
8657,553,True,null
8660,136,True,0
8661,447,True,5
8663,647,True,2
8664,799,True,3
8666,705,True,3
8669,949,True,3
8671,816,True,4
8675,381,True,2
8676,65,True,3
8678,121,True,1
8680,144,True,0
8681,818,True,1
8683,110,True,3
8685,22,True,null
8687,974,True,3
8691,693,True,4
8692,52,True,1
8695,355,True,3
8696,500,True,0
8701,980,True,2
8707,824,True,4
8710,910,True,null
8712,178,True,1
8713,173,True,1
8714,643,True,4
8716,473,True,null
8717,518,True,null
8718,445,True,4
8719,378,True,5
8720,514,True,0
8722,541,True,null
8723,860,True,3
8726,636,True,2
8734,487,True,null
8735,780,True,1
8736,527,True,1
8738,580,True,3
8741,426,True,1
8742,757,True,0
8743,192,True,3
8744,265,True,2
8745,404,True,0
8747,340,True,4
8753,18,True,1
8756,442,True,0
8760,953,True,4
8761,376,True,2
8763,841,True,1
8766,876,True,2
8768,987,True,2
8769,34,True,null
8771,956,True,null
8774,261,True,4
8775,274,True,4
8776,377,True,5
8778,341,True,2
8779,464,True,1
8780,42,True,4
8781,386,True,2
8782,839,True,0
8786,771,True,5
8787,38,True,4
8789,106,True,2
8791,79,True,4
8794,353,True,1
8795,186,True,2
8797,487,True,4
8800,263,True,0
8801,931,True,null
8803,834,True,1
8805,163,True,4
8807,66,True,4
8809,873,True,1
8811,681,True,3
8814,529,True,null
8815,412,True,null
8818,976,True,0
8820,697,True,1
8821,238,True,null
8823,146,True,4
8824,872,True,1
8827,898,True,3
8828,760,True,0
8831,575,True,3
8832,104,True,4
8833,599,True,3
8834,78,True,4
8835,680,True,4
8840,68,True,5
8841,460,True,3
8842,66,True,4
8846,624,True,0
8847,701,True,2
8849,500,True,1
8850,419,True,4
8854,729,True,4
8859,144,True,0
8861,101,True,4
8862,158,True,null
8863,464,True,null
8864,888,True,2
8866,463,True,3
8867,115,True,3
8868,9,True,4
8869,486,True,3
8870,94,True,4
8871,139,True,1
8872,235,True,2
8873,69,True,4
8875,80,True,5
8876,540,True,5
8886,820,True,0
8888,171,True,3
8889,915,True,1
8894,119,True,3
8895,439,True,3
8898,69,True,null
8899,736,True,2
8900,396,True,2
8904,403,True,3
8905,362,True,1
8906,388,True,0
8908,283,True,null
8910,332,True,5
8914,683,True,3
8916,484,True,2
8918,417,True,0
8921,753,True,0
8923,823,True,4
8926,883,True,4
8929,474,True,4
8930,615,True,4
8931,393,True,0
8933,579,True,1
8938,361,True,4
8939,969,True,5
8942,699,True,3
8944,372,True,4
8945,363,True,5
8946,406,True,4
8947,718,True,2
8951,245,True,5
8952,409,True,4
8954,434,True,3
8956,739,True,5
8960,78,True,4
8961,965,True,5
8963,357,True,5
8964,912,True,5
8965,969,True,0
8968,988,True,1
8969,803,True,3
8972,608,True,3
8973,15,True,null
8976,952,True,3
8978,363,True,0
8979,602,True,2
8980,19,True,2
8986,502,True,1
8990,360,True,4
8995,60,True,4
8996,495,True,null
9000,972,True,4
9001,253,True,2
9002,648,True,null
9006,633,True,1
9008,727,True,2
9014,246,True,0
9016,312,True,3
9017,291,True,3
9019,173,True,0
9021,496,True,0
9022,739,True,1
9023,431,True,2
9025,263,True,4
9027,54,True,null
9028,284,True,null
9030,985,True,5
9031,769,True,1
9032,235,True,2
9034,599,True,4
9037,351,True,4
9041,880,True,0
9043,153,True,2
9046,695,True,5
9047,561,True,3
9048,399,True,2
9053,64,True,null
9056,477,True,2
9057,15,True,3
9061,145,True,0
9062,235,True,1
9065,160,True,0
9068,717,True,2
9072,225,True,0
9073,385,True,3
9074,912,True,4
9076,897,True,4
9079,466,True,2
9080,598,True,5
9081,159,True,3
9082,763,True,1
9084,970,True,null
9085,417,True,1
9088,550,True,0
9090,647,True,3
9093,471,True,0
9094,646,True,0
9106,249,True,4
9108,73,True,0
9109,200,True,3
9110,21,True,null
9115,859,True,2
9116,951,True,0
9117,328,True,0
9119,317,True,null
9120,141,True,1
9121,491,True,null
9123,48,True,null
9124,50,True,4
9126,226,True,0
9130,498,True,2
9131,180,True,0
9132,167,True,null
9133,893,True,3
9134,201,True,2
9135,472,True,3
9136,187,True,2
9138,916,True,4
9141,751,True,4
9144,735,True,4
9147,868,True,5
9148,731,True,4
9150,926,True,4
9152,262,True,5
9155,687,True,0
9156,298,True,3
9157,206,True,2
9159,492,True,0
9160,452,True,3
9161,800,True,null
9162,357,True,null
9164,673,True,2
9165,904,True,2
9166,969,True,3
9169,744,True,1
9173,856,True,3
9174,781,True,3
9177,954,True,3
9180,737,True,4
9181,906,True,null
9182,576,True,1
9183,495,True,2
9186,963,True,3
9188,616,True,null
9189,424,True,5
9191,776,True,4
9192,221,True,4
9193,758,True,0
9194,271,True,3
9195,443,True,1
9197,504,True,2
9198,812,True,null
9199,346,True,4
9204,206,True,5
9210,762,True,0
9214,921,True,2
9216,617,True,2
9217,737,True,1
9218,463,True,0
9219,375,True,2
9220,310,True,5
9221,168,True,0
9222,312,True,1
9223,342,True,1
9224,859,True,3
9226,427,True,2
9228,343,True,0
9229,673,True,3
9230,14,True,3
9232,277,True,null
9234,426,True,3
9237,408,True,4
9238,351,True,1
9240,109,True,5
9241,36,True,4
9247,8,True,2
9248,7,True,0
9249,856,True,5
9254,940,True,4
9258,67,True,1
9259,370,True,1
9264,570,True,2
9265,664,True,2
9266,583,True,5
9267,394,True,1
9270,66,True,4
9272,97,True,5
9274,370,True,5
9276,869,True,5
9279,660,True,5
9281,138,True,1
9283,112,True,5
9286,965,True,2
9289,708,True,3
9290,819,True,2
9292,277,True,5
9295,719,True,null
9296,888,True,1
9297,144,True,3
9299,933,True,0
9302,502,True,0
9304,820,True,2
9305,325,True,3
9310,768,True,1
9311,379,True,null
9314,559,True,3
9315,654,True,2
9316,215,True,2
9317,840,True,3
9321,514,True,0
9325,484,True,1
9326,628,True,null
9328,744,True,1
9330,251,True,4
9331,823,True,4
9333,669,True,2
9335,554,True,0
9336,221,True,1
9337,273,True,1
9338,991,True,1
9339,903,True,0
9340,561,True,0
9341,109,True,1
9342,572,True,4
9346,721,True,4
9347,195,True,0
9348,566,True,4
9349,19,True,4
9351,372,True,0
9353,916,True,null
9355,985,True,2
9357,216,True,2
9358,908,True,0
9361,420,True,0
9364,758,True,2
9368,770,True,0
9369,226,True,5
9371,482,True,0
9372,413,True,1
9379,137,True,0
9381,594,True,2
9382,726,True,1
9383,774,True,4
9384,338,True,1
9385,231,True,3
9387,102,True,3
9391,921,True,2
9393,300,True,4
9394,762,True,5
9398,747,True,null
9399,778,True,3
9403,816,True,4
9405,869,True,4
9407,769,True,2
9408,109,True,5
9411,65,True,2
9412,80,True,5
9416,761,True,null
9418,598,True,3
9419,818,True,null
9421,97,True,3
9422,22,True,2
9423,223,True,0
9424,178,True,1
9426,307,True,2
9428,657,True,0
9430,250,True,0
9431,605,True,0
9433,288,True,5
9436,615,True,4
9438,557,True,4
9441,655,True,0
9442,816,True,2
9448,251,True,1
9449,867,True,null
9450,733,True,2
9451,899,True,1
9452,465,True,4
9454,98,True,null
9455,211,True,4
9457,99,True,4
9459,117,True,null
9465,589,True,1
9466,970,True,4
9468,161,True,3
9469,980,True,4
9470,131,True,null
9472,625,True,null
9473,524,True,5
9475,880,True,5
9476,402,True,1
9478,514,True,null
9479,50,True,2
9480,519,True,1
9482,336,True,2
9484,313,True,2
9491,342,True,4
9494,597,True,3
9496,99,True,5
9497,963,True,4
9499,643,True,null
9500,787,True,1
9501,370,True,2
9502,753,True,1
9503,610,True,5
9504,931,True,1
9505,936,True,3
9506,694,True,0
9507,56,True,5
9508,728,True,1
9510,150,True,3
9511,745,True,3
9513,956,True,3
9514,431,True,null
9516,274,True,4
9520,803,True,4
9521,246,True,4
9522,261,True,1
9524,490,True,1
9525,414,True,5
9527,516,True,0
9528,524,True,2
9530,654,True,4
9533,3,True,4
9535,598,True,0
9540,390,True,3
9543,222,True,null
9544,835,True,0
9546,567,True,0
9547,366,True,3
9549,237,True,3
9550,568,True,4
9551,941,True,1
9553,602,True,5
9556,186,True,4
9557,907,True,0
9559,526,True,null
9560,281,True,2
9562,514,True,2
9563,486,True,5
9564,377,True,2
9565,19,True,2
9566,310,True,1
9568,11,True,1
9569,666,True,1
9570,639,True,4
9571,759,True,3
9572,259,True,null
9573,542,True,0
9576,167,True,5
9578,394,True,2
9579,466,True,null
9580,249,True,null
9582,692,True,3
9585,935,True,4
9589,368,True,5
9590,38,True,4
9591,391,True,4
9593,18,True,2
9594,87,True,3
9595,590,True,0
9596,57,True,null
9597,18,True,2
9598,77,True,3
9599,267,True,4
9600,665,True,1
9602,209,True,3
9604,570,True,2
9605,375,True,5
9610,630,True,5
9611,677,True,null
9614,776,True,4
9616,494,True,3
9617,184,True,2
9621,178,True,0
9623,74,True,2
9624,705,True,0
9625,342,True,null
9627,62,True,null
9629,593,True,null
9631,553,True,2
9633,575,True,2
9636,476,True,2
9637,875,True,2
9640,76,True,4
9642,628,True,4
9643,260,True,null
9645,890,True,null
9646,988,True,null
9647,689,True,5
9649,791,True,1
9652,803,True,null
9654,284,True,1
9655,290,True,1
9656,918,True,3
9657,253,True,null
9660,213,True,5
9662,349,True,0
9663,379,True,3
9664,365,True,null
9669,685,True,null
9670,798,True,4
9671,26,True,2
9672,67,True,4
9673,750,True,5
9675,892,True,null
9677,455,True,4
9678,288,True,2
9680,260,True,2
9681,73,True,3
9685,51,True,1
9686,548,True,0
9687,314,True,4
9688,409,True,5
9690,546,True,0
9694,66,True,5
9695,694,True,null
9701,799,True,3
9703,994,True,1
9706,211,True,null
9708,271,True,5
9710,748,True,1
9712,202,True,5
9713,503,True,null
9714,585,True,4
9715,93,True,5
9719,86,True,5
9721,236,True,5
9726,287,True,5
9727,479,True,3
9729,235,True,null
9730,298,True,4
9731,120,True,0
9735,533,True,2
9743,242,True,4
9744,483,True,3
9745,122,True,4
9750,528,True,null
9752,835,True,1
9753,31,True,0
9754,12,True,3
9761,853,True,0
9763,96,True,4
9765,901,True,0
9767,32,True,3
9769,2,True,null
9770,196,True,null
9772,22,True,3
9774,559,True,0
9775,797,True,2
9777,954,True,4
9778,413,True,4
9779,252,True,1
9782,543,True,1
9785,416,True,null
9786,45,True,null
9787,15,True,1
9788,106,True,5
9789,917,True,1
9790,622,True,4
9791,193,True,2
9794,952,True,null
9797,561,True,null
9798,316,True,3
9799,600,True,3
9801,742,True,1
9802,702,True,5
9804,457,True,5
9807,368,True,0
9808,963,True,0
9812,716,True,2
9818,475,True,0
9820,304,True,3
9822,481,True,5
9823,887,True,4
9825,983,True,2
9826,774,True,1
9827,350,True,0
9828,81,True,5
9830,946,True,5
9831,648,True,4
9832,964,True,2
9835,760,True,2
9838,346,True,5
9839,243,True,null
9842,940,True,2
9846,543,True,4
9849,765,True,5
9850,254,True,5
9851,169,True,0
9852,462,True,3
9854,179,True,2
9857,801,True,2
9859,66,True,1
9864,222,True,4
9865,79,True,4
9869,937,True,3
9872,954,True,1
9876,5,True,0
9878,872,True,1
9881,519,True,1
9882,274,True,2
9887,490,True,1
9889,209,True,5
9892,491,True,0
9893,844,True,5
9895,112,True,2
9900,660,True,3
9902,634,True,2
9907,180,True,1
9908,789,True,null
9910,996,True,0
9912,451,True,0
9913,937,True,0
9916,483,True,0
9918,679,True,0
9920,507,True,4
9922,598,True,4
9924,696,True,null
9925,80,True,1
9927,232,True,4
9929,399,True,0
9930,202,True,4
9932,859,True,1
9933,401,True,5
9935,336,True,4
9937,48,True,4
9938,514,True,2
9940,434,True,5
9941,687,True,5
9942,129,True,null
9944,829,True,0
9945,902,True,4
9946,682,True,3
9947,847,True,5
9948,492,True,5
9949,257,True,null
9950,607,True,null
9953,390,True,5
9956,602,True,0
9958,517,True,1
9960,457,True,0
9961,733,True,4
9963,548,True,1
9964,519,True,2
9966,986,True,null
9967,53,True,5
9969,672,True,4
9970,490,True,0
9971,269,True,0
9972,910,True,2
9974,906,True,0
9976,247,True,2
9977,949,True,1
9978,174,True,3
9979,618,True,0
9980,205,True,3
9982,489,True,4
9983,184,True,2
9986,594,True,3
9987,816,True,0
9988,470,True,5
9989,895,True,3
9990,546,True,null
9991,5,True,2
9995,529,True,1
9996,856,True,5
9997,392,True,null
