bill_id,attendant_id,rating
1,158,4
2,177,4
3,156,2
5,818,3
11,196,1
12,723,null
16,753,0
18,11,null
20,60,3
22,448,2
24,7,0
29,72,3
30,215,3
31,914,3
32,983,1
33,835,1
37,30,3
39,885,5
40,956,2
41,902,null
44,951,3
46,583,0
47,92,2
49,208,5
50,108,4
51,962,1
53,67,1
54,356,1
57,72,5
59,678,4
61,479,null
64,226,5
65,401,5
67,49,0
68,142,null
69,166,4
71,339,null
75,661,3
77,675,1
79,935,null
80,702,2
82,48,5
88,237,5
89,196,4
92,938,null
93,372,1
94,263,5
96,297,1
97,412,0
100,659,0
106,150,4
110,808,4
112,353,0
114,316,0
116,40,4
117,988,1
118,334,1
119,94,4
122,230,4
123,432,0
125,455,4
128,439,2
130,348,null
133,790,0
135,410,2
136,964,null
140,710,1
144,258,5
152,357,5
153,202,0
155,880,1
156,636,4
158,433,3
161,510,5
163,527,3
165,166,4
166,140,null
167,492,3
169,306,2
170,172,4
173,274,null
174,465,2
176,774,5
184,894,0
185,893,2
186,312,5
187,95,2
188,107,0
189,370,null
191,666,4
193,937,4
195,4,5
196,433,2
204,651,2
207,59,null
208,30,4
213,272,1
214,192,0
216,831,3
219,339,2
224,382,5
226,746,2
227,77,5
228,435,1
229,505,5
230,985,5
234,783,null
235,935,0
239,696,3
241,876,null
246,911,2
247,780,4
248,81,3
251,647,5
253,578,null
254,960,4
256,376,5
257,693,0
260,578,2
261,595,2
263,280,1
264,52,2
267,512,5
268,716,2
270,564,4
271,870,2
274,558,null
276,905,4
278,998,null
283,602,4
285,57,null
292,396,1
293,437,3
295,546,1
296,162,3
299,505,3
300,352,3
302,337,null
303,656,0
304,2,4
305,576,0
307,833,1
308,502,5
309,245,5
313,796,0
314,179,2
316,517,4
317,537,1
318,557,1
319,881,5
322,562,2
325,896,3
326,175,3
327,144,0
329,590,1
330,906,null
331,880,3
333,833,2
334,783,1
335,288,4
336,16,2
338,355,5
340,695,5
344,409,3
345,224,1
349,746,4
352,233,5
354,258,null
355,402,2
358,324,5
361,597,2
364,976,0
366,52,4
367,574,2
370,220,1
371,955,5
373,229,4
374,287,1
375,997,null
377,812,4
378,786,3
384,468,5
385,15,3
386,946,null
388,577,0
389,648,0
393,712,1
394,587,5
395,75,null
397,798,1
399,594,4
402,224,1
403,963,5
404,520,5
408,917,null
411,959,3
412,45,1
414,896,4
415,431,5
416,326,2
418,760,3
420,163,3
421,652,4
423,189,5
424,742,4
425,595,3
427,595,3
428,214,null
429,426,3
430,980,2
431,249,0
434,183,4
435,245,5
437,639,3
444,656,0
446,690,1
448,130,4
452,584,3
455,606,null
457,451,null
464,715,0
465,549,null
469,895,2
470,42,0
471,303,null
474,792,3
475,434,null
476,705,5
478,234,1
479,141,0
485,957,4
486,26,2
487,839,4
488,336,1
489,531,0
492,685,0
493,791,2
494,544,3
495,671,4
496,334,1
498,191,5
500,357,null
502,472,5
503,605,4
504,811,2
508,784,3
510,898,5
514,458,3
516,32,4
517,120,2
519,54,0
520,85,null
521,852,0
527,236,4
528,456,4
531,659,2
536,714,1
537,817,2
538,837,4
539,478,null
541,555,1
542,321,4
546,589,1
547,826,0
548,362,4
550,276,4
552,741,0
553,310,5
554,175,null
558,195,0
563,472,null
564,522,0
566,160,2
572,542,1
574,724,0
577,685,null
578,835,4
584,573,3
585,334,5
588,468,5
590,518,4
591,890,4
592,835,5
593,196,5
594,549,3
597,208,5
602,736,2
603,474,4
608,664,5
609,69,1
618,794,2
620,40,5
621,18,4
622,563,3
623,444,2
624,858,2
627,278,2
629,126,5
630,870,3
631,813,3
633,615,null
640,800,null
642,599,3
643,44,null
644,838,0
645,961,5
646,73,3
649,473,4
651,533,4
653,214,2
654,590,0
655,564,4
658,653,null
661,25,5
665,643,2
666,228,4
669,206,0
672,503,4
674,553,5
677,884,2
680,44,5
682,546,null
684,76,5
689,574,null
690,551,4
691,64,1
692,397,5
693,149,2
697,971,null
699,755,null
702,52,5
703,945,4
707,475,1
708,510,0
709,873,4
710,866,null
716,213,1
717,918,4
718,280,1
719,746,3
720,625,5
722,611,0
724,585,1
725,509,2
727,972,2
728,443,3
730,17,5
732,699,3
733,713,3
737,574,0
739,341,3
740,169,null
741,264,0
742,18,4
743,429,4
747,488,null
749,957,3
750,392,0
752,919,1
754,291,5
755,305,4
759,403,0
760,454,4
761,964,5
762,852,null
764,642,3
766,179,2
767,341,1
776,916,1
779,827,1
781,675,2
782,313,null
783,277,5
784,309,1
785,66,1
786,690,4
787,743,2
788,987,2
794,650,5
796,873,5
797,887,5
798,920,4
801,818,3
802,382,4
804,857,4
806,91,2
807,980,4
808,807,null
809,182,3
810,38,null
811,820,4
812,389,null
813,824,0
814,100,3
815,860,3
822,105,1
826,735,null
827,51,0
828,622,3
829,746,0
831,460,2
833,606,3
837,4,3
846,427,1
847,213,4
848,839,3
849,682,5
852,224,0
853,58,0
854,782,5
855,362,3
856,230,5
857,387,null
858,8,3
860,437,4
862,647,2
864,259,1
865,425,2
866,519,3
868,351,3
869,917,5
871,775,3
872,452,1
874,735,0
875,607,2
878,215,5
881,645,1
883,902,2
888,23,2
889,627,null
892,137,3
894,759,0
897,36,4
898,560,3
903,538,0
904,982,5
905,778,null
906,159,null
907,506,1
909,35,1
911,53,0
914,21,1
916,463,1
918,523,0
922,444,null
925,507,3
927,710,1
928,814,4
929,330,2
933,14,0
934,46,null
935,360,2
936,380,0
937,91,0
938,651,4
939,86,4
941,923,2
942,695,1
943,693,4
947,638,null
948,777,2
951,56,4
952,143,2
955,310,1
956,557,3
958,377,4
962,394,0
963,722,1
965,504,2
966,758,1
967,663,2
971,973,2
975,211,4
976,31,null
978,814,null
979,910,4
984,943,5
985,591,null
989,314,null
990,551,4
995,570,null
996,701,5
997,492,4
998,119,4
1000,907,2
1002,485,3
1004,340,3
1009,391,5
1010,601,5
1011,178,5
1012,476,0
1014,514,5
1015,91,1
1016,787,3
1017,462,1
1019,442,3
1021,76,5
1022,789,5
1025,678,5
1026,424,1
1029,545,3
1030,923,0
1031,891,null
1032,725,4
1034,375,5
1035,96,5
1041,697,4
1043,839,0
1045,328,5
1050,466,1
1056,719,null
1057,476,5
1059,432,3
1060,925,5
1062,609,3
1069,638,1
1072,24,0
1073,435,3
1076,660,5
1078,745,3
1082,996,1
1084,274,1
1085,968,2
1087,444,2
1088,865,0
1091,893,4
1093,580,3
1094,324,5
1096,518,4
1097,38,null
1098,891,3
1101,582,0
1102,798,null
1103,581,3
1110,676,4
1111,543,5
1114,397,3
1115,314,0
1117,329,4
1119,660,4
1120,870,2
1122,287,2
1124,786,null
1130,926,0
1131,580,0
1132,763,null
1140,719,5
1145,699,5
1146,705,5
1148,568,4
1150,584,2
1151,687,2
1152,3,3
1154,160,2
1155,518,1
1157,115,4
1160,519,null
1162,942,3
1163,678,3
1164,652,4
1165,420,1
1166,172,5
1170,886,2
1171,824,2
1174,970,0
1175,148,0
1176,265,1
1178,423,4
1179,284,5
1181,885,2
1183,844,null
1184,722,4
1185,417,4
1186,636,0
1189,509,3
1193,679,0
1194,257,5
1195,388,3
1196,340,0
1199,271,0
1201,290,null
1204,131,null
1207,864,0
1208,993,5
1209,693,0
1213,368,null
1215,862,2
1217,425,null
1218,447,1
1220,287,1
1221,937,5
1222,551,0
1223,152,0
1227,850,1
1228,576,3
1229,292,2
1233,515,2
1236,689,0
1237,388,4
1240,909,5
1243,60,3
1247,373,0
1250,554,4
1251,167,2
1252,112,4
1253,968,4
1254,264,2
1256,56,1
1260,641,0
1261,758,4
1262,493,4
1265,471,1
1266,726,0
1267,807,1
1269,403,0
1272,512,3
1279,123,4
1280,228,1
1283,495,2
1285,792,4
1286,920,5
1287,81,null
1288,999,null
1291,71,4
1292,41,2
1293,896,2
1294,486,3
1296,41,4
1299,924,4
1300,660,2
1301,774,0
1302,101,4
1304,141,4
1305,405,3
1306,20,3
1309,997,1
1310,583,4
1311,376,4
1313,73,2
1315,99,1
1317,330,3
1318,398,1
1319,62,1
1321,187,0
1322,587,3
1323,180,1
1328,988,5
1331,20,2
1332,722,3
1334,533,2
1335,166,null
1340,766,1
1341,818,5
1346,419,2
1347,113,4
1351,486,1
1352,677,1
1355,554,0
1356,490,5
1358,819,3
1360,547,5
1362,5,3
1366,143,3
1368,411,3
1370,229,1
1371,391,4
1381,730,0
1384,408,3
1388,209,2
1390,596,2
1394,84,4
1396,743,null
1397,328,5
1399,463,0
1401,759,3
1402,979,1
1404,792,5
1408,635,0
1410,205,5
1412,603,0
1413,811,2
1415,91,null
1419,979,2
1420,821,null
1421,452,2
1422,873,4
1425,297,1
1427,713,1
1428,485,0
1429,429,3
1430,966,5
1435,383,2
1437,249,0
1438,413,4
1441,425,3
1442,911,0
1444,564,3
1445,356,5
1446,917,2
1447,433,null
1450,702,2
1451,304,3
1453,339,1
1457,698,4
1458,299,5
1461,17,1
1467,992,4
1469,897,5
1470,192,4
1471,441,3
1472,621,0
1473,513,5
1474,564,0
1476,390,2
1477,172,null
1480,496,null
1481,90,4
1486,554,5
1489,375,2
1498,928,3
1500,478,0
1501,275,0
1502,117,0
1503,234,4
1505,930,4
1506,984,4
1508,66,0
1511,558,0
1514,855,2
1517,271,null
1522,66,4
1523,332,5
1524,407,2
1525,361,3
1527,363,5
1528,738,2
1531,313,null
1532,248,1
1533,971,5
1538,277,1
1539,740,null
1541,319,2
1542,122,4
1543,711,1
1544,698,null
1548,728,3
1551,971,null
1553,393,0
1560,992,1
1562,256,0
1564,400,0
1567,858,5
1569,348,0
1574,127,null
1575,198,1
1577,809,null
1578,915,1
1580,429,1
1581,262,0
1582,297,1
1583,191,0
1584,871,1
1587,841,null
1589,392,0
1591,371,0
1592,774,2
1594,438,2
1595,375,1
1596,33,5
1597,346,2
1600,894,1
1601,987,null
1602,338,null
1604,215,1
1605,61,4
1606,166,4
1608,87,3
1609,328,4
1610,956,4
1613,208,0
1620,595,5
1621,527,4
1626,889,5
1627,735,0
1629,973,1
1631,962,2
1634,137,0
1636,637,2
1638,8,null
1639,213,1
1640,363,0
1641,928,2
1643,21,3
1648,588,0
1649,194,2
1651,161,null
1655,985,2
1657,863,null
1658,88,3
1659,904,3
1661,525,5
1662,925,null
1665,956,5
1666,318,null
1667,499,1
1670,322,2
1673,134,4
1674,587,null
1677,916,3
1679,599,0
1681,816,3
1684,80,2
1686,707,1
1688,808,1
1689,434,null
1690,912,3
1691,996,4
1693,447,5
1696,492,2
1698,422,null
1700,868,5
1702,809,0
1703,60,1
1704,780,0
1706,53,4
1708,798,3
1710,301,3
1711,219,5
1712,388,2
1714,403,5
1715,11,3
1716,137,2
1717,228,1
1718,26,0
1719,282,4
1720,925,1
1724,503,1
1727,90,4
1728,809,2
1730,247,3
1731,30,4
1732,398,null
1733,947,5
1735,705,3
1742,495,4
1743,865,4
1744,296,2
1745,786,0
1746,132,4
1749,439,2
1751,761,4
1756,433,null
1757,666,2
1759,801,3
1760,947,null
1763,113,1
1767,143,0
1768,404,5
1769,388,0
1770,474,1
1773,698,null
1774,577,1
1776,733,2
1777,966,5
1779,714,2
1780,520,null
1781,541,null
1784,105,0
1785,318,5
1787,426,5
1789,755,null
1790,637,5
1791,488,2
1794,206,5
1797,982,null
1798,924,4
1799,967,2
1800,784,1
1803,532,5
1805,36,5
1808,682,null
1811,40,0
1814,947,1
1815,238,1
1816,629,2
1819,958,0
1820,269,1
1823,309,2
1825,469,2
1827,653,null
1828,705,0
1833,638,5
1834,802,4
1835,140,null
1836,482,4
1837,889,5
1838,99,3
1841,231,4
1842,48,0
1844,891,5
1845,511,4
1847,326,5
1848,159,5
1849,304,3
1850,982,3
1851,354,0
1852,565,3
1853,441,4
1857,978,2
1858,526,3
1863,557,1
1865,460,4
1868,547,5
1869,204,4
1871,84,5
1873,61,4
1880,957,3
1885,811,2
1887,262,5
1894,339,3
1896,514,4
1897,231,2
1904,693,3
1905,577,2
1908,979,4
1909,672,null
1916,298,4
1918,345,4
1919,997,1
1922,644,5
1923,312,2
1925,313,3
1930,741,0
1931,536,0
1933,296,3
1934,253,0
1935,655,3
1936,252,1
1937,454,2
1939,413,null
1942,689,4
1943,924,2
1944,968,2
1947,431,null
1950,939,0
1951,183,0
1952,488,3
1953,74,0
1958,653,1
1959,781,0
1960,390,1
1962,167,4
1965,284,1
1967,339,0
1969,920,null
1970,717,0
1971,59,4
1972,498,1
1973,381,4
1975,750,0
1976,861,2
1977,480,null
1978,656,3
1980,674,1
1982,575,5
1985,711,1
1987,684,0
1988,719,3
1990,45,null
1991,251,4
1992,127,2
1993,259,1
1994,484,5
1999,821,3
2000,143,0
2005,538,5
2008,216,4
2011,449,3
2012,315,0
2013,729,3
2016,141,0
2017,473,4
2018,392,2
2019,720,1
2020,596,5
2021,163,5
2024,725,2
2026,88,1
2027,719,3
2030,445,5
2032,200,2
2034,861,5
2035,325,5
2036,83,0
2038,817,5
2041,304,null
2042,196,1
2044,496,4
2045,227,1
2046,40,4
2047,556,2
2052,849,5
2054,697,1
2056,164,3
2060,733,0
2062,756,0
2063,420,2
2064,597,3
2067,141,2
2070,745,1
2072,611,4
2074,748,2
2076,15,1
2078,841,3
2079,438,0
2080,258,2
2081,640,5
2082,173,3
2089,704,1
2091,21,5
2092,183,4
2093,98,1
2095,675,1
2096,582,null
2099,194,null
2102,526,null
2103,757,null
2107,298,4
2108,203,null
2109,253,5
2111,238,5
2112,958,1
2113,660,3
2114,183,0
2115,793,1
2119,385,1
2122,463,5
2123,401,0
2124,953,4
2125,868,1
2127,613,3
2128,585,null
2130,281,2
2132,254,4
2136,97,0
2139,391,0
2141,838,0
2145,68,2
2146,449,0
2147,567,0
2149,425,4
2150,491,3
2151,29,1
2152,920,4
2155,994,5
2156,665,3
2157,19,null
2160,353,null
2162,41,1
2166,302,2
2169,757,0
2170,520,1
2173,261,null
2174,635,null
2178,709,null
2179,23,5
2180,145,3
2183,990,1
2184,445,null
2185,443,null
2186,821,5
2189,714,5
2191,558,5
2192,411,0
2194,259,3
2197,549,null
2201,361,2
2202,822,null
2205,312,1
2207,455,1
2208,85,null
2209,335,1
2211,383,5
2213,114,null
2216,556,4
2217,508,2
2218,904,3
2220,435,1
2221,2,null
2222,604,3
2229,25,2
2234,545,null
2235,570,2
2236,621,0
2238,132,4
2239,46,null
2241,232,2
2242,880,5
2243,26,1
2244,602,0
2245,31,5
2248,614,5
2250,923,4
2252,953,3
2256,52,null
2258,777,1
2259,178,4
2260,192,1
2261,90,5
2264,753,5
2265,426,null
2266,623,2
2270,238,5
2271,963,2
2272,260,5
2273,172,0
2275,481,3
2280,946,1
2283,556,3
2284,305,1
2286,863,3
2287,274,3
2289,714,0
2290,36,4
2291,26,2
2292,63,null
2294,414,3
2296,760,4
2298,958,0
2299,667,3
2300,790,null
2301,312,null
2303,94,3
2304,424,1
2305,402,2
2310,544,2
2311,124,1
2314,826,null
2315,621,null
2316,155,0
2317,160,3
2318,425,1
2319,997,1
2324,914,2
2325,597,5
2327,412,3
2328,975,4
2331,617,null
2336,526,3
2341,540,4
2343,950,1
2344,571,2
2348,884,1
2352,659,3
2353,22,1
2356,507,null
2357,718,0
2359,642,null
2360,162,0
2362,513,1
2364,772,1
2367,256,0
2369,403,3
2370,442,3
2371,880,1
2373,697,2
2374,467,1
2375,590,2
2378,370,null
2381,844,1
2382,981,0
2385,488,2
2386,379,1
2388,81,null
2390,765,1
2391,372,null
2392,944,5
2394,413,5
2397,615,4
2402,951,2
2405,554,5
2407,30,1
2408,397,2
2409,40,1
2412,25,null
2413,869,3
2414,518,null
2416,422,5
2417,450,0
2420,125,1
2427,505,4
2428,732,null
2431,512,5
2434,3,0
2435,803,4
2438,488,5
2440,494,3
2443,870,3
2445,229,2
2447,374,2
2448,905,2
2449,93,5
2450,191,5
2452,142,0
2453,835,2
2457,145,4
2458,887,4
2459,964,1
2462,758,4
2463,347,2
2464,563,null
2466,949,0
2468,886,5
2469,651,null
2473,905,4
2474,605,null
2478,166,5
2481,833,5
2485,971,3
2486,595,0
2489,387,null
2490,821,4
2491,477,5
2493,473,5
2494,489,0
2495,74,0
2499,738,2
2500,141,2
2503,650,0
2505,791,0
2506,722,null
2507,234,0
2508,317,null
2509,726,null
2512,960,3
2513,986,null
2515,62,3
2516,806,1
2517,828,1
2518,845,2
2520,476,2
2521,275,3
2522,492,5
2523,729,1
2524,664,2
2525,868,2
2526,111,1
2527,7,4
2528,87,null
2532,19,4
2533,104,0
2540,911,3
2542,623,2
2543,956,2
2546,22,null
2548,628,0
2551,365,2
2552,382,5
2557,109,0
2559,55,5
2560,571,3
2561,745,2
2562,157,5
2563,164,4
2564,915,4
2567,54,4
2568,11,2
2570,532,null
2573,523,0
2574,528,5
2575,491,3
2576,287,null
2579,714,5
2582,403,0
2583,546,0
2584,192,2
2585,70,0
2587,159,5
2589,874,3
2590,551,1
2591,637,1
2594,77,0
2595,834,2
2596,45,0
2598,305,0
2600,622,0
2603,826,3
2608,906,3
2609,141,0
2611,961,3
2614,320,2
2616,740,4
2617,361,3
2619,852,1
2627,736,4
2628,768,null
2636,535,null
2637,162,5
2638,911,0
2641,608,1
2644,902,4
2645,737,5
2646,889,1
2647,950,5
2648,224,3
2653,375,4
2654,868,null
2656,838,3
2657,705,4
2659,430,2
2661,459,5
2662,24,5
2668,808,4
2671,489,5
2672,769,2
2675,459,2
2679,395,5
2683,130,4
2684,635,null
2685,16,2
2686,986,5
2688,662,null
2691,309,0
2692,394,3
2693,990,1
2696,667,5
2700,293,1
2701,575,5
2702,361,null
2704,937,0
2705,140,1
2706,294,3
2708,280,2
2711,1,2
2712,42,3
2714,190,5
2715,932,1
2720,364,5
2721,856,2
2722,477,3
2723,474,4
2724,17,0
2725,422,null
2726,69,null
2728,337,3
2729,139,0
2731,443,5
2734,904,4
2735,650,4
2737,24,0
2739,312,null
2742,374,5
2743,727,5
2745,970,0
2746,779,4
2747,243,3
2750,662,2
2754,660,1
2755,342,0
2756,833,0
2757,848,2
2760,252,1
2763,700,1
2764,392,2
2765,358,3
2767,496,1
2769,767,null
2773,433,4
2775,650,3
2776,234,3
2780,323,0
2784,543,4
2785,861,3
2787,892,2
2791,274,1
2792,608,2
2795,154,1
2796,894,0
2799,648,1
2802,62,1
2803,322,2
2809,524,0
2810,365,0
2811,410,1
2813,796,1
2815,936,3
2816,429,0
2820,373,4
2822,885,5
2823,625,5
2826,279,4
2830,87,0
2834,907,1
2835,464,null
2840,323,1
2845,239,null
2846,727,3
2849,534,null
2855,72,5
2857,159,2
2860,382,null
2863,290,2
2865,838,1
2866,947,0
2867,195,0
2868,742,0
2872,723,2
2873,224,0
2874,422,5
2877,459,4
2878,351,0
2880,86,null
2881,888,null
2886,572,3
2887,549,1
2888,773,4
2890,820,4
2891,23,1
2894,884,3
2895,673,1
2899,728,0
2900,374,4
2903,381,1
2906,88,null
2907,456,1
2908,540,3
2909,284,null
2911,789,null
2912,720,5
2914,874,3
2915,655,0
2916,304,4
2917,44,5
2918,875,2
2919,70,4
2921,325,2
2922,759,5
2923,228,5
2924,167,0
2925,851,1
2926,122,0
2928,32,2
2932,684,null
2934,818,1
2936,155,1
2937,779,2
2938,745,4
2939,807,5
2941,808,5
2942,590,5
2944,806,0
2946,447,2
2947,437,null
2948,427,3
2949,228,4
2950,778,5
2951,230,2
2952,296,0
2954,399,null
2956,142,1
2957,430,5
2958,340,0
2959,728,4
2961,37,5
2965,555,3
2970,284,5
2971,313,2
2972,508,4
2973,334,3
2975,851,2
2977,403,2
2979,692,null
2981,877,4
2983,756,5
2984,531,5
2987,451,5
2990,457,4
2991,547,null
2993,847,null
2997,55,2
2999,32,4
3000,228,5
3001,500,1
3004,987,1
3008,335,null
3013,427,5
3014,408,5
3017,991,2
3019,176,5
3020,763,5
3022,813,null
3023,229,4
3026,965,5
3027,531,2
3029,603,3
3030,690,0
3035,347,0
3036,983,3
3040,253,5
3041,795,2
3042,37,2
3045,450,3
3046,555,3
3047,263,2
3048,826,2
3049,668,5
3054,454,0
3055,14,5
3060,998,3
3063,888,null
3064,241,3
3066,51,null
3069,891,5
3074,971,2
3076,472,2
3079,641,4
3080,256,null
3083,487,2
3084,661,1
3085,65,3
3089,321,0
3090,42,4
3091,520,2
3092,938,2
3093,410,2
3104,372,1
3105,950,1
3106,162,5
3107,928,4
3109,977,2
3111,611,null
3112,622,1
3114,806,2
3116,925,1
3118,679,3
3119,403,3
3121,446,3
3122,674,3
3123,560,3
3126,174,null
3127,939,0
3128,560,5
3129,252,1
3131,73,3
3135,366,0
3136,927,0
3142,369,1
3145,820,0
3147,75,null
3148,211,5
3149,304,2
3151,551,null
3153,257,0
3154,84,2
3155,522,0
3157,60,3
3158,164,5
3159,474,0
3160,78,3
3161,159,0
3162,61,5
3164,385,0
3167,74,1
3168,738,0
3169,164,0
3171,811,4
3174,321,5
3175,445,3
3177,423,1
3178,478,1
3179,965,0
3180,663,0
3181,670,0
3183,809,1
3184,750,5
3185,660,5
3187,665,5
3188,125,3
3193,38,4
3194,279,5
3195,677,2
3197,706,5
3198,101,5
3199,240,0
3200,139,null
3202,112,4
3205,501,4
3206,690,0
3207,881,4
3210,572,3
3211,451,null
3215,353,5
3216,975,3
3217,905,1
3218,448,4
3219,90,5
3221,938,5
3223,827,5
3225,531,2
3226,41,null
3227,782,0
3230,426,5
3231,184,1
3232,933,1
3234,563,4
3235,982,0
3241,690,2
3242,175,5
3246,23,3
3247,348,3
3249,729,5
3250,957,4
3251,316,0
3252,965,3
3253,886,1
3255,282,null
3257,283,null
3258,711,0
3259,222,3
3260,926,3
3261,464,null
3262,722,3
3263,10,0
3264,732,3
3266,346,1
3267,117,3
3268,355,2
3269,884,3
3272,899,null
3273,175,5
3274,395,1
3276,816,5
3283,951,0
3284,187,2
3285,807,1
3286,49,0
3287,799,3
3289,666,2
3291,949,3
3292,373,2
3294,61,3
3296,50,4
3297,41,2
3298,86,null
3301,891,2
3305,88,2
3307,131,0
3308,83,null
3309,432,3
3311,36,5
3312,331,1
3314,9,5
3315,606,4
3319,331,4
3320,110,5
3321,223,null
3322,446,4
3325,937,5
3327,366,1
3328,842,null
3331,758,0
3333,499,4
3335,31,3
3336,884,5
3341,978,0
3342,382,1
3344,141,1
3345,989,3
3348,505,4
3349,789,3
3350,902,4
3352,269,1
3356,343,null
3357,677,0
3365,94,3
3366,425,null
3368,411,null
3371,595,0
3377,362,0
3381,989,3
3382,249,2
3383,706,5
3387,248,4
3388,487,1
3394,832,3
3396,401,0
3397,955,3
3398,532,1
3400,901,4
3404,26,3
3405,224,0
3409,851,2
3410,596,null
3414,702,1
3415,926,2
3416,737,0
3420,578,1
3421,269,5
3422,405,null
3423,544,0
3425,131,1
3426,76,1
3429,716,3
3431,556,1
3434,666,5
3439,643,0
3440,259,2
3441,451,4
3444,26,0
3446,941,0
3450,441,0
3451,33,null
3452,805,1
3453,447,null
3454,693,2
3455,966,5
3458,987,null
3459,841,5
3462,121,3
3465,18,3
3466,287,1
3467,609,2
3473,839,2
3474,922,3
3478,951,1
3484,48,4
3486,33,3
3490,44,3
3492,50,1
3493,157,3
3498,98,5
3501,711,2
3504,746,5
3506,854,null
3507,640,1
3509,616,5
3510,343,null
3511,433,5
3512,128,4
3513,451,3
3514,449,1
3519,414,4
3522,684,1
3524,270,null
3526,409,4
3527,947,0
3528,754,4
3530,322,3
3531,611,null
3533,573,null
3537,386,4
3539,813,1
3541,998,null
3542,9,3
3543,83,2
3544,886,1
3545,143,null
3546,260,2
3548,922,1
3550,777,5
3552,25,3
3554,845,0
3556,991,1
3557,170,4
3559,845,4
3561,625,4
3562,545,4
3563,888,0
3566,167,null
3568,583,3
3569,398,2
3570,10,1
3571,856,null
3573,72,2
3574,954,1
3575,472,1
3577,707,0
3585,478,null
3586,299,2
3588,923,1
3591,286,4
3592,537,1
3595,959,5
3597,75,null
3598,886,3
3602,883,null
3605,829,null
3607,269,2
3609,469,5
3610,868,2
3611,684,5
3613,177,5
3616,869,0
3618,713,0
3619,724,3
3620,784,0
3622,293,3
3627,136,0
3628,50,0
3630,273,1
3631,207,2
3633,993,4
3634,497,2
3635,379,4
3636,3,2
3637,253,5
3638,57,3
3639,261,1
3643,925,2
3644,282,null
3647,323,5
3648,879,3
3650,120,5
3659,661,3
3663,846,1
3664,110,5
3665,323,2
3668,748,2
3670,490,5
3672,550,2
3673,499,5
3675,742,0
3678,180,4
3680,181,3
3681,882,4
3684,624,2
3685,55,3
3686,678,null
3688,312,0
3694,59,null
3695,807,null
3696,175,2
3697,171,4
3698,288,4
3700,540,1
3704,411,1
3709,244,2
3712,71,4
3714,87,5
3715,617,3
3716,575,4
3718,183,0
3721,894,null
3724,196,1
3725,418,4
3726,630,4
3727,106,2
3729,627,4
3731,949,4
3735,651,3
3738,911,0
3742,939,0
3744,530,4
3745,840,null
3746,522,1
3747,372,4
3751,108,0
3752,851,5
3755,655,null
3756,852,2
3757,957,4
3761,547,0
3763,976,5
3765,992,null
3767,911,2
3768,798,5
3769,205,2
3772,277,0
3773,914,null
3774,864,3
3777,423,1
3779,958,4
3780,45,0
3781,394,2
3783,429,4
3786,103,0
3787,18,1
3788,899,2
3791,702,3
3792,917,0
3798,429,null
3802,478,5
3804,647,2
3806,960,null
3808,613,1
3812,737,2
3814,982,2
3815,10,1
3817,595,2
3826,333,5
3828,603,0
3829,914,0
3832,873,4
3835,558,4
3836,451,5
3837,793,5
3841,733,0
3842,672,5
3843,677,4
3844,641,2
3845,937,1
3848,162,3
3849,601,4
3851,818,3
3852,248,2
3854,879,1
3855,776,1
3858,525,0
3861,306,5
3865,199,5
3867,397,4
3869,683,2
3871,16,null
3874,633,3
3878,859,0
3879,328,3
3881,408,4
3884,440,3
3885,401,4
3886,732,5
3887,758,1
3888,152,2
3889,246,4
3891,450,2
3892,752,5
3893,111,3
3894,238,1
3896,806,1
3901,838,0
3902,275,2
3903,644,3
3904,171,5
3906,403,1
3908,520,null
3910,245,1
3913,598,0
3914,562,0
3915,600,3
3916,142,4
3918,486,5
3923,927,1
3924,259,null
3925,813,3
3926,655,5
3929,342,4
3930,801,4
3931,762,null
3936,334,0
3937,767,0
3938,689,0
3939,347,4
3941,460,4
3946,24,4
3950,519,null
3955,684,1
3956,768,2
3961,78,2
3964,926,null
3965,761,2
3967,307,1
3970,57,0
3973,265,3
3974,762,0
3977,543,0
3978,435,0
3980,549,0
3982,722,1
3983,645,1
3985,540,0
3986,368,4
3989,564,3
3991,32,0
3997,37,4
3999,447,3
4001,958,0
4002,816,1
4003,476,5
4008,820,5
4010,203,null
4012,10,2
4021,650,3
4022,407,3
4025,36,0
4026,460,1
4028,333,3
4029,177,3
4030,488,3
4031,446,2
4033,466,5
4035,11,null
4036,967,2
4038,221,4
4040,174,1
4044,369,null
4045,932,4
4047,321,0
4048,635,4
4049,58,0
4050,516,4
4051,359,2
4053,202,0
4056,728,5
4057,378,1
4058,467,4
4059,778,null
4062,763,5
4064,986,1
4065,646,5
4069,370,null
4072,140,5
4076,308,4
4079,757,4
4082,287,4
4084,958,null
4085,985,3
4092,194,2
4093,633,2
4096,676,1
4100,672,null
4101,307,4
4102,941,1
4103,139,5
4105,907,0
4108,759,3
4110,713,2
4111,967,0
4112,565,3
4113,802,5
4116,935,0
4117,766,4
4118,607,null
4119,905,null
4121,770,5
4123,748,1
4124,8,3
4129,222,null
4131,793,4
4134,665,null
4138,711,5
4139,738,0
4140,722,1
4142,643,3
4144,662,2
4145,433,4
4146,442,null
4148,948,3
4149,169,null
4153,82,null
4154,55,2
4156,484,3
4160,930,1
4161,991,5
4163,57,0
4166,869,3
4167,876,5
4169,852,5
4171,350,0
4172,627,5
4174,561,3
4175,456,5
4180,328,3
4181,581,5
4182,14,5
4183,660,4
4185,570,1
4189,857,2
4192,404,3
4195,987,null
4197,314,0
4198,976,0
4199,181,null
4202,151,4
4204,996,2
4207,314,2
4209,716,0
4210,604,4
4213,845,0
4214,883,4
4219,526,null
4221,921,4
4222,845,3
4223,738,null
4224,710,2
4225,811,3
4226,561,5
4227,825,null
4232,841,null
4235,295,0
4238,732,0
4240,899,1
4241,720,2
4245,642,null
4247,835,5
4249,982,null
4250,827,3
4251,286,3
4253,39,5
4254,132,3
4257,383,5
4260,741,1
4263,941,0
4264,249,1
4265,98,0
4268,394,2
4269,357,1
4270,146,null
4275,257,5
4276,778,0
4277,518,null
4279,408,1
4283,270,0
4286,715,1
4288,840,2
4291,991,null
4293,869,0
4295,182,1
4296,301,0
4298,430,5
4299,133,4
4302,47,3
4303,638,0
4304,349,null
4305,728,5
4307,124,0
4308,636,3
4310,946,5
4315,255,0
4317,354,5
4319,666,0
4320,205,0
4321,2,null
4322,774,null
4323,173,1
4324,807,0
4329,237,3
4330,744,3
4332,438,4
4333,775,1
4334,36,5
4336,697,3
4341,414,5
4342,285,1
4343,831,0
4344,339,1
4346,293,null
4349,789,null
4350,782,5
4351,660,2
4355,189,1
4356,35,5
4358,223,4
4361,530,null
4362,537,5
4363,82,2
4368,173,3
4369,83,0
4370,279,1
4373,361,3
4374,10,null
4375,930,2
4376,252,3
4377,528,3
4378,56,1
4380,529,null
4382,666,1
4388,255,1
4389,431,1
4392,615,4
4393,481,4
4400,251,4
4401,462,null
4403,36,3
4407,443,4
4409,133,3
4416,118,5
4417,700,0
4420,398,null
4423,792,3
4425,171,0
4427,83,2
4429,289,5
4431,358,null
4432,871,2
4433,477,5
4436,913,3
4438,238,null
4439,456,1
4443,833,2
4448,412,3
4449,442,null
4450,55,2
4453,442,3
4454,637,null
4456,49,5
4457,887,1
4462,366,4
4463,592,null
4464,838,0
4465,434,5
4466,115,0
4472,202,null
4480,702,null
4483,383,null
4485,536,2
4487,612,3
4491,989,null
4492,841,1
4494,965,0
4495,249,2
4496,643,0
4501,439,3
4502,766,null
4503,639,5
4505,148,null
4506,990,5
4507,558,1
4514,429,0
4516,217,4
4519,650,0
4521,259,5
4522,44,3
4523,187,3
4524,839,null
4525,669,null
4526,93,1
4528,34,1
4535,549,null
4536,1,null
4537,676,4
4543,129,3
4544,31,0
4545,694,3
4548,31,2
4549,470,0
4553,5,0
4554,459,0
4556,152,4
4557,381,null
4558,271,3
4559,759,2
4561,595,0
4562,720,3
4564,417,4
4566,821,2
4568,928,2
4569,361,null
4570,973,0
4573,370,2
4577,395,null
4578,394,2
4579,666,1
4580,292,1
4583,416,1
4584,45,1
4585,863,2
4588,341,2
4594,716,1
4595,765,3
4597,520,5
4598,172,0
4600,535,null
4602,676,4
4603,802,3
4604,655,0
4605,136,2
4611,915,2
4615,808,1
4616,968,null
4621,702,2
4623,791,null
4625,141,1
4628,583,0
4630,376,2
4631,533,4
4632,551,4
4634,102,0
4635,586,1
4636,529,null
4637,284,null
4645,710,1
4647,848,0
4648,538,5
4649,549,1
4651,160,1
4652,407,2
4654,955,4
4655,659,5
4656,209,1
4658,400,4
4660,705,0
4661,714,0
4663,919,0
4668,315,2
4669,892,3
4670,202,5
4673,958,4
4674,701,1
4675,52,3
4676,505,2
4677,187,4
4679,995,4
4681,763,4
4682,549,0
4683,427,0
4684,5,0
4687,28,1
4689,447,2
4693,898,2
4694,37,4
4695,573,2
4699,502,1
4700,594,1
4705,266,2
4706,188,4
4707,794,1
4710,44,5
4714,713,4
4715,793,3
4717,386,2
4719,233,1
4720,735,null
4721,459,3
4723,782,2
4729,231,1
4731,629,0
4733,995,2
4734,887,null
4735,837,5
4736,13,4
4739,580,4
4741,740,5
4742,446,0
4743,210,0
4744,996,null
4747,349,1
4748,675,2
4749,987,1
4753,266,0
4756,192,2
4758,10,0
4759,454,4
4763,875,2
4764,76,3
4767,217,1
4768,876,5
4771,242,null
4772,355,0
4774,641,3
4775,532,5
4779,66,1
4781,926,1
4782,903,null
4786,843,1
4789,378,5
4791,370,0
4794,1,1
4795,860,3
4798,195,0
4802,337,3
4813,496,2
4815,219,2
4817,373,null
4818,724,null
4819,804,5
4820,459,0
4822,748,4
4825,791,3
4828,707,0
4829,916,1
4830,463,1
4831,497,5
4832,625,null
4834,91,0
4839,311,1
4841,84,0
4843,768,3
4845,659,5
4847,91,null
4850,499,2
4854,927,0
4857,374,5
4864,439,4
4866,65,4
4867,489,0
4869,25,null
4870,307,2
4872,429,1
4873,784,0
4876,291,1
4877,691,null
4879,491,1
4880,862,4
4883,189,4
4886,676,2
4887,612,4
4889,937,2
4893,107,0
4894,603,0
4896,414,5
4903,47,3
4904,317,2
4906,46,0
4909,320,5
4910,600,null
4913,96,3
4920,188,0
4921,660,null
4927,603,1
4930,192,2
4933,964,1
4934,114,3
4935,396,4
4936,70,null
4937,711,0
4939,696,5
4942,906,5
4945,195,2
4947,714,1
4948,577,5
4949,934,3
4950,720,5
4953,556,2
4954,102,4
4955,48,null
4957,853,5
4959,778,4
4960,643,null
4963,679,2
4964,950,0
4966,712,2
4967,824,null
4968,643,null
4970,461,2
4972,84,4
4974,202,5
4976,868,null
4977,420,0
4978,633,1
4979,591,null
4983,912,2
4984,102,1
4986,343,2
4991,474,5
4993,402,null
4994,305,3
4995,197,null
4998,635,null
5002,447,2
5008,990,5
5012,723,1
5013,49,1
5017,584,4
5018,23,null
5020,343,4
5022,153,1
5023,822,4
5028,492,3
5032,401,null
5034,125,null
5035,850,4
5037,869,1
5040,468,0
5041,8,null
5042,495,0
5043,937,null
5045,70,4
5046,975,4
5048,232,4
5051,312,3
5053,516,4
5054,416,null
5055,36,3
5056,114,5
5058,146,5
5059,513,null
5061,972,2
5062,550,3
5065,402,3
5066,377,1
5068,394,1
5069,215,4
5071,788,3
5072,271,5
5075,619,1
5077,377,0
5078,24,4
5079,72,4
5081,607,4
5082,849,0
5083,762,2
5086,576,null
5088,312,4
5089,606,null
5092,445,1
5093,287,null
5094,694,2
5097,871,2
5098,584,null
5106,196,3
5110,138,0
5111,446,5
5112,537,2
5113,410,5
5115,585,0
5117,802,0
5118,569,3
5119,276,null
5122,476,1
5123,500,0
5125,608,3
5126,888,1
5129,201,0
5130,161,3
5131,204,1
5134,145,1
5135,458,0
5137,513,3
5138,382,1
5139,394,2
5142,867,4
5143,578,4
5145,680,null
5149,67,4
5152,634,null
5158,21,3
5159,901,4
5161,480,1
5163,888,0
5165,89,2
5166,151,3
5168,984,4
5169,383,5
5170,59,3
5173,863,5
5183,817,4
5185,490,null
5186,542,null
5187,741,null
5188,953,3
5189,810,null
5191,384,null
5193,570,null
5195,251,0
5199,456,5
5200,391,3
5201,265,0
5202,693,null
5203,688,null
5204,188,1
5211,399,4
5212,203,4
5214,315,null
5215,643,1
5216,216,5
5218,621,2
5219,9,2
5222,796,1
5223,949,4
5225,610,3
5226,118,3
5227,3,3
5228,568,0
5231,971,null
5232,376,1
5234,139,2
5235,348,3
5237,758,3
5239,876,1
5241,819,3
5246,652,0
5247,130,5
5249,231,null
5250,536,1
5251,103,2
5252,939,0
5253,33,3
5255,68,null
5259,300,1
5260,880,null
5261,62,5
5264,914,0
5265,544,3
5266,545,3
5270,13,4
5271,126,null
5272,379,4
5273,629,3
5274,775,1
5275,153,5
5277,759,5
5278,580,2
5280,587,2
5283,48,null
5285,358,4
5288,261,0
5291,245,1
5294,857,0
5295,271,2
5296,478,3
5300,58,3
5302,300,4
5303,980,1
5305,256,1
5306,73,4
5309,674,1
5310,411,5
5311,100,4
5312,539,1
5313,111,2
5314,813,3
5315,325,0
5319,132,0
5322,267,null
5323,14,5
5328,998,null
5331,471,0
5332,964,3
5333,490,null
5334,766,4
5335,460,null
5337,306,2
5339,282,3
5340,176,3
5342,886,3
5343,588,2
5347,343,2
5348,929,null
5350,805,5
5351,547,5
5354,16,null
5355,601,4
5365,841,1
5368,777,4
5369,788,2
5371,197,4
5373,917,null
5374,750,4
5375,52,null
5376,496,3
5378,990,5
5385,745,2
5386,151,0
5388,852,4
5390,979,4
5391,39,5
5394,650,null
5395,328,3
5396,906,2
5398,107,4
5401,476,null
5402,565,0
5403,490,4
5405,240,3
5407,423,3
5409,823,2
5411,514,5
5412,17,3
5414,187,3
5416,849,0
5419,500,5
5420,259,0
5422,662,5
5424,251,3
5426,464,null
5427,758,5
5429,222,1
5430,359,1
5431,658,5
5433,800,5
5436,402,5
5437,99,4
5438,550,3
5440,106,0
5441,552,2
5444,776,3
5446,212,2
5450,260,5
5451,912,null
5452,527,3
5458,553,3
5460,16,0
5462,630,1
5463,623,1
5464,559,3
5465,790,2
5467,360,5
5470,744,2
5471,768,4
5473,836,1
5476,512,3
5477,779,0
5479,134,0
5481,179,2
5482,55,1
5487,59,4
5488,694,3
5490,385,3
5491,776,4
5492,759,4
5494,869,0
5496,993,2
5498,755,2
5502,766,4
5504,218,3
5505,8,null
5506,94,3
5507,368,4
5508,323,null
5509,424,2
5512,854,5
5517,354,2
5518,73,4
5520,727,5
5521,807,0
5522,218,5
5523,750,0
5524,588,0
5526,90,2
5529,711,0
5530,329,1
5531,108,1
5534,504,2
5536,281,2
5537,545,2
5539,622,0
5540,725,1
5543,946,5
5544,966,5
5546,533,4
5549,7,null
5550,642,1
5553,815,3
5554,398,2
5557,797,1
5560,638,2
5565,963,5
5566,949,3
5567,347,3
5568,831,1
5569,545,5
5570,797,0
5573,655,5
5578,859,3
5579,208,null
5580,407,3
5581,809,null
5582,21,4
5583,751,2
5590,459,3
5591,517,4
5596,547,5
5597,389,null
5598,128,null
5601,783,null
5604,335,5
5605,850,2
5606,593,3
5608,521,3
5609,908,3
5612,794,4
5613,989,5
5615,571,3
5618,861,4
5619,1,5
5621,463,2
5622,585,3
5625,541,3
5627,107,null
5629,671,1
5630,958,5
5631,495,0
5635,805,0
5637,713,1
5639,510,null
5640,466,0
5641,902,1
5642,64,null
5643,146,0
5647,948,0
5648,83,2
5649,168,3
5652,649,0
5653,18,5
5654,5,0
5655,515,3
5659,132,1
5660,371,1
5662,190,null
5663,514,null
5667,132,3
5671,111,3
5675,197,2
5677,801,1
5681,269,2
5682,359,5
5685,235,3
5686,140,2
5687,4,2
5690,101,null
5691,520,2
5692,415,5
5695,411,1
5697,248,2
5698,153,3
5699,482,4
5702,252,3
5703,957,null
5704,663,2
5709,812,3
5710,378,2
5714,206,2
5716,874,5
5717,722,null
5719,867,4
5722,721,null
5723,607,2
5724,315,0
5725,508,5
5726,563,1
5728,474,null
5730,117,1
5732,781,2
5733,653,3
5734,854,4
5735,389,2
5736,546,1
5739,740,null
5740,783,3
5746,94,5
5748,503,2
5749,957,3
5750,675,5
5751,488,1
5753,363,null
5754,507,2
5755,239,1
5756,733,null
5758,604,2
5759,785,0
5763,107,4
5764,630,2
5765,327,5
5768,489,2
5769,245,3
5770,215,3
5771,213,4
5773,28,5
5774,936,1
5775,832,0
5777,417,3
5779,332,3
5784,382,0
5786,900,0
5789,199,null
5790,87,2
5792,673,null
5793,299,0
5794,763,4
5797,25,1
5801,483,4
5804,293,5
5805,71,2
5806,566,0
5807,424,0
5808,113,0
5809,976,4
5812,389,2
5814,87,2
5816,428,5
5817,924,null
5820,67,1
5821,534,5
5826,734,5
5827,323,5
5828,92,5
5829,701,3
5834,275,null
5835,257,2
5836,597,null
5837,221,5
5838,483,3
5839,574,4
5840,986,5
5841,636,0
5843,752,4
5844,398,null
5845,340,4
5848,595,null
5849,158,null
5850,65,4
5851,892,3
5853,384,4
5855,583,2
5856,882,0
5857,194,2
5861,159,5
5862,325,5
5863,801,3
5864,777,5
5865,809,1
5869,605,null
5873,434,5
5876,12,3
5877,59,3
5878,785,0
5882,867,5
5883,390,5
5887,693,2
5889,386,4
5890,778,3
5892,892,null
5893,951,1
5894,745,0
5895,973,3
5898,731,3
5900,715,1
5903,382,5
5904,106,4
5905,773,4
5908,28,0
5911,606,1
5913,134,2
5914,509,5
5915,502,5
5917,102,3
5920,57,5
5924,510,2
5928,891,5
5933,779,0
5935,13,3
5938,27,4
5940,895,null
5943,15,2
5952,734,5
5954,453,3
5955,549,0
5958,248,0
5959,460,null
5961,755,1
5962,678,5
5963,237,4
5964,682,2
5966,904,4
5969,158,4
5972,128,2
5974,463,null
5975,811,3
5976,264,5
5977,605,4
5978,829,4
5979,228,4
5980,181,2
5981,76,3
5982,757,3
5983,877,0
5986,528,1
5988,778,5
5990,148,null
5992,772,2
5993,665,2
5995,430,4
5997,147,null
6000,208,3
6001,318,5
6003,253,null
6006,60,2
6009,110,null
6011,610,null
6016,382,5
6017,527,null
6019,638,null
6021,816,4
6022,564,3
6025,859,3
6028,967,0
6031,230,2
6034,816,null
6035,470,null
6038,176,null
6042,973,0
6043,907,0
6045,770,5
6048,842,1
6049,118,2
6050,376,5
6051,47,5
6053,237,3
6055,290,2
6056,323,3
6060,530,0
6064,35,1
6065,92,0
6066,719,0
6069,449,null
6072,929,3
6077,335,null
6080,503,3
6088,926,null
6089,149,5
6092,612,2
6093,241,2
6097,891,2
6101,814,4
6102,45,0
6103,108,0
6104,322,5
6105,398,0
6108,746,null
6109,424,3
6117,791,2
6119,597,3
6120,708,1
6122,143,4
6127,88,1
6130,146,1
6131,797,5
6132,805,0
6134,392,3
6135,918,4
6139,693,5
6140,66,5
6144,587,1
6145,730,2
6147,827,3
6151,318,1
6152,432,2
6153,912,0
6154,33,2
6156,40,null
6158,970,4
6160,367,null
6161,215,null
6162,199,1
6163,609,3
6165,748,5
6166,676,1
6171,11,0
6172,300,null
6173,616,2
6175,575,1
6176,834,3
6183,173,4
6184,765,4
6185,855,0
6186,70,1
6187,383,0
6189,450,5
6191,147,4
6192,972,null
6193,14,5
6197,39,5
6198,673,5
6200,559,null
6201,257,2
6203,200,null
6205,130,5
6206,80,3
6207,166,2
6208,757,3
6209,293,3
6211,132,1
6212,526,null
6213,696,2
6214,691,1
6217,616,2
6219,52,3
6222,701,0
6225,292,4
6227,445,4
6228,424,4
6229,824,null
6230,354,2
6231,262,null
6232,294,0
6233,175,1
6235,120,4
6237,610,null
6238,285,null
6239,580,2
6241,509,5
6242,776,5
6243,470,2
6248,382,5
6249,884,null
6250,292,1
6254,176,0
6258,898,4
6260,389,0
6261,591,null
6262,670,3
6263,872,0
6264,210,5
6265,644,3
6270,856,5
6272,932,5
6277,405,null
6281,255,1
6282,685,3
6284,969,null
6285,575,1
6290,528,1
6295,408,3
6296,364,5
6297,573,1
6298,174,0
6300,51,0
6302,976,3
6303,924,null
6304,669,3
6306,451,1
6309,587,4
6310,157,2
6314,14,3
6315,518,1
6317,25,0
6319,637,null
6321,559,2
6324,506,4
6326,520,2
6327,547,2
6328,38,1
6330,950,4
6335,186,5
6336,238,0
6338,287,null
6339,595,5
6340,22,4
6342,723,2
6344,371,3
6346,769,5
6347,933,null
6350,417,3
6351,742,0
6353,282,4
6354,251,4
6355,962,2
6356,134,null
6358,256,1
6359,459,3
6361,288,1
6363,278,5
6364,892,0
6369,984,3
6371,912,0
6372,678,null
6373,292,5
6375,437,1
6378,89,5
6379,480,2
6381,459,0
6382,360,1
6389,872,5
6391,411,4
6395,918,1
6397,239,4
6398,722,4
6399,721,3
6400,216,1
6402,793,null
6403,471,1
6404,12,4
6405,795,1
6408,344,2
6410,33,0
6412,600,null
6413,645,5
6415,806,4
6416,663,4
6419,295,2
6420,419,null
6421,631,null
6422,311,0
6423,111,2
6424,393,null
6426,506,0
6427,513,0
6431,803,5
6432,762,0
6433,448,4
6435,493,4
6436,370,3
6437,45,4
6439,574,4
6441,172,1
6442,888,4
6444,634,null
6446,767,2
6447,559,null
6448,865,5
6451,602,3
6452,832,null
6453,489,0
6455,761,4
6458,646,null
6459,738,5
6467,70,1
6476,447,2
6477,303,0
6481,62,5
6482,916,0
6484,327,2
6489,709,4
6490,902,3
6493,224,2
6494,953,5
6495,956,5
6496,505,3
6498,892,2
6499,448,0
6501,582,5
6505,727,null
6506,31,5
6508,740,0
6509,138,null
6510,961,4
6511,773,5
6512,228,4
6513,151,3
6515,621,4
6518,229,0
6520,405,3
6521,478,1
6522,128,4
6525,478,3
6529,344,3
6530,691,1
6531,298,null
6532,933,3
6533,606,3
6535,231,3
6537,54,null
6539,240,4
6540,916,0
6541,426,3
6545,19,null
6547,37,5
6549,97,0
6551,252,5
6552,314,null
6554,16,3
6556,829,5
6558,663,3
6562,72,5
6564,781,2
6565,97,5
6566,302,2
6568,952,1
6572,571,2
6573,307,1
6574,205,0
6575,973,5
6576,696,4
6577,717,1
6578,594,null
6580,682,3
6582,433,2
6583,381,3
6584,997,2
6586,851,2
6588,71,5
6589,847,1
6591,12,5
6595,192,0
6596,991,5
6599,959,null
6601,166,0
6602,99,4
6604,664,1
6605,702,1
6609,810,2
6614,77,1
6615,331,0
6617,451,3
6621,564,5
6623,879,null
6625,937,1
6627,351,null
6628,49,0
6629,504,1
6630,244,3
6631,788,null
6632,274,null
6635,856,0
6636,728,4
6637,912,3
6638,443,5
6639,677,3
6640,776,5
6641,241,0
6642,721,5
6643,634,null
6646,14,4
6648,737,0
6649,986,4
6650,483,null
6651,488,0
6656,495,null
6660,698,2
6661,932,3
6665,129,0
6668,618,0
6670,620,4
6672,190,1
6674,143,5
6678,802,4
6679,603,0
6681,169,null
6685,203,null
6690,847,null
6692,810,3
6694,914,5
6697,773,1
6698,542,5
6701,978,5
6702,941,null
6703,101,null
6704,395,1
6705,883,5
6706,584,2
6708,171,5
6709,66,2
6711,665,5
6712,387,3
6717,87,3
6722,332,1
6725,820,null
6727,789,3
6730,317,3
6735,672,null
6737,700,null
6738,324,5
6740,234,1
6741,708,2
6742,266,5
6743,814,0
6744,422,1
6745,312,1
6746,429,null
6747,265,4
6748,423,1
6749,411,5
6752,260,1
6755,490,2
6757,757,null
6762,693,0
6763,852,3
6764,511,5
6765,961,3
6766,45,5
6767,726,null
6771,568,4
6777,12,3
6780,126,4
6781,90,3
6782,600,5
6784,550,5
6786,480,2
6787,418,1
6788,351,4
6790,556,5
6791,751,null
6793,203,null
6794,195,1
6796,883,3
6797,68,0
6799,693,4
6801,214,null
6802,586,1
6803,5,1
6804,772,2
6805,248,3
6807,859,2
6814,505,3
6817,980,5
6819,183,3
6820,287,null
6824,568,5
6825,109,2
6829,788,0
6830,717,null
6833,605,3
6834,667,null
6836,3,3
6837,794,2
6839,852,3
6842,341,null
6843,968,4
6846,672,2
6847,23,4
6849,507,null
6850,313,0
6855,240,5
6856,547,2
6857,60,null
6858,813,0
6859,436,0
6861,912,1
6866,23,3
6867,179,4
6869,991,4
6870,668,5
6872,716,3
6873,416,2
6874,788,1
6875,179,1
6892,694,1
6893,717,3
6895,225,5
6897,636,2
6899,868,null
6900,937,1
6901,922,null
6904,893,5
6906,216,3
6908,245,4
6911,625,2
6912,241,4
6913,517,1
6915,827,5
6917,144,4
6918,22,5
6922,918,0
6923,412,null
6926,379,3
6927,438,3
6930,157,3
6932,476,null
6934,613,4
6936,253,null
6939,303,3
6946,280,1
6947,107,null
6948,513,0
6951,714,1
6953,9,2
6956,330,5
6957,188,1
6961,405,1
6962,394,3
6963,327,4
6964,755,null
6965,398,3
6966,930,0
6968,680,2
6969,823,null
6970,286,null
6974,937,0
6976,53,5
6977,493,4
6978,618,null
6980,925,2
6983,396,5
6984,208,2
6986,343,1
6988,387,1
6990,608,0
6991,654,5
6992,636,5
6993,420,2
6995,192,2
6996,674,null
6997,126,null
6998,447,4
7001,379,5
7002,863,0
7003,404,1
7004,188,2
7005,369,null
7006,574,4
7007,54,null
7008,776,1
7010,380,3
7011,499,4
7012,63,null
7016,468,4
7017,567,1
7019,729,5
7021,181,3
7024,514,0
7026,227,4
7028,929,4
7029,166,null
7030,322,5
7034,885,2
7036,336,0
7037,312,null
7038,900,2
7041,714,1
7046,742,5
7049,427,0
7052,779,1
7055,495,2
7058,697,1
7059,43,3
7060,937,4
7061,553,5
7062,510,3
7064,766,2
7067,164,1
7070,321,0
7071,19,null
7074,388,4
7075,751,5
7080,49,5
7081,811,1
7083,653,4
7084,372,1
7085,462,0
7086,367,4
7087,553,0
7090,369,0
7091,525,5
7093,852,5
7096,518,4
7097,190,5
7098,241,5
7101,228,4
7102,921,2
7103,414,3
7105,384,2
7107,354,4
7108,337,2
7112,90,5
7114,888,1
7115,440,3
7117,575,2
7119,977,null
7123,62,1
7125,687,4
7126,617,4
7128,110,1
7129,589,0
7131,777,4
7132,665,2
7133,123,2
7136,934,5
7138,943,0
7141,645,1
7142,176,null
7143,738,null
7147,378,null
7148,425,3
7155,473,2
7156,245,3
7158,478,1
7159,954,null
7163,810,4
7165,649,3
7166,790,5
7168,555,1
7173,110,2
7178,56,4
7179,101,1
7181,584,2
7188,798,1
7189,734,3
7192,615,4
7194,829,2
7195,857,5
7196,906,3
7197,536,5
7199,98,0
7201,559,4
7207,312,3
7209,935,1
7214,737,1
7216,231,2
7220,508,null
7222,342,5
7224,660,4
7225,768,0
7229,465,2
7230,44,5
7231,651,4
7232,657,0
7235,705,0
7238,917,3
7240,831,2
7241,897,0
7242,800,0
7246,28,3
7247,806,2
7250,890,3
7251,892,4
7254,30,4
7255,590,null
7257,820,2
7259,792,4
7262,25,4
7263,860,4
7264,724,3
7265,519,2
7266,517,3
7267,950,null
7269,372,0
7271,700,null
7272,184,1
7274,900,null
7276,299,2
7277,587,null
7280,685,1
7282,538,1
7283,865,3
7284,932,2
7286,979,1
7295,579,3
7296,71,2
7297,189,3
7298,693,0
7299,916,0
7301,82,5
7302,123,0
7304,407,4
7306,798,3
7307,470,5
7309,115,3
7313,842,5
7316,887,null
7317,986,0
7321,879,2
7322,238,2
7323,862,5
7324,481,3
7328,343,3
7329,135,3
7330,859,1
7334,110,1
7335,212,2
7337,600,3
7338,678,2
7342,181,null
7345,874,5
7346,452,5
7348,298,null
7351,279,3
7356,171,3
7358,738,0
7360,383,2
7361,631,3
7366,862,null
7367,749,5
7368,228,1
7377,926,1
7378,396,1
7379,310,null
7380,192,4
7381,507,5
7382,1000,5
7384,738,0
7387,913,5
7388,60,5
7389,64,0
7390,756,null
7392,751,4
7394,319,0
7395,433,4
7396,699,5
7399,574,4
7401,527,0
7402,37,2
7403,247,3
7404,502,0
7407,934,3
7409,591,4
7410,367,1
7411,43,2
7412,695,1
7413,654,0
7416,864,null
7417,151,5
7419,260,3
7421,890,4
7422,803,4
7423,961,5
7424,576,1
7425,276,null
7426,642,null
7429,247,4
7433,540,2
7434,446,4
7436,900,0
7437,54,2
7438,236,2
7439,180,null
7441,533,1
7446,659,null
7447,777,4
7451,98,0
7454,220,1
7455,712,3
7457,526,1
7463,235,3
7464,689,1
7465,607,null
7466,978,4
7467,475,null
7468,666,5
7469,783,5
7471,662,null
7472,704,4
7473,815,2
7474,889,1
7479,971,1
7483,275,2
7484,247,null
7486,230,0
7488,641,2
7489,686,1
7490,33,4
7491,900,2
7495,326,3
7496,724,2
7498,161,null
7499,650,0
7500,736,3
7505,84,0
7506,798,0
7507,513,5
7510,515,null
7511,812,null
7512,843,1
7514,362,0
7516,397,null
7517,446,0
7519,430,3
7521,825,2
7522,343,4
7524,172,null
7528,50,1
7529,199,0
7530,895,0
7531,487,null
7534,505,5
7535,558,2
7536,978,null
7538,779,1
7543,695,1
7544,327,1
7546,452,2
7547,630,2
7549,402,null
7552,903,3
7555,43,1
7557,600,null
7560,934,null
7561,50,3
7562,278,null
7563,399,1
7567,479,4
7570,716,null
7571,870,null
7572,917,1
7574,799,null
7578,428,4
7579,764,null
7583,515,3
7584,324,5
7586,519,5
7587,307,0
7590,934,null
7591,299,0
7593,322,0
7594,302,4
7599,75,1
7600,385,4
7603,591,2
7606,352,3
7607,957,4
7608,576,5
7609,595,null
7610,520,1
7613,247,null
7616,428,5
7617,908,5
7618,219,5
7619,674,0
7620,264,null
7625,431,0
7628,286,0
7630,497,0
7632,192,3
7635,981,5
7636,697,5
7639,789,2
7640,192,5
7644,557,3
7645,213,1
7646,12,5
7648,760,null
7656,521,null
7657,738,1
7658,619,0
7660,284,3
7663,160,null
7664,319,null
7665,622,null
7666,137,5
7667,499,2
7669,86,2
7670,782,2
7671,704,1
7674,278,3
7676,643,null
7678,595,4
7679,155,null
7680,448,1
7681,748,0
7690,230,3
7691,707,4
7693,44,4
7695,264,4
7696,474,2
7700,947,3
7703,914,0
7704,72,1
7705,562,null
7707,514,0
7708,428,2
7713,500,2
7714,244,1
7716,955,2
7717,756,3
7720,228,2
7721,83,2
7727,555,4
7728,425,1
7729,586,0
7735,655,2
7737,41,4
7742,842,1
7743,62,1
7744,607,null
7745,734,4
7746,307,0
7749,506,4
7751,191,3
7752,101,2
7753,955,4
7754,686,3
7755,221,2
7758,161,3
7760,284,1
7763,918,2
7768,911,3
7772,564,2
7774,891,null
7775,333,1
7777,47,1
7778,19,3
7779,273,2
7782,651,4
7784,183,2
7785,524,2
7787,594,0
7789,530,5
7790,176,2
7791,678,4
7792,471,0
7793,352,2
7794,682,5
7795,511,null
7796,810,1
7802,966,4
7806,922,3
7808,412,5
7812,229,3
7813,306,5
7815,639,0
7818,544,0
7820,266,1
7821,29,null
7822,844,2
7824,6,3
7825,688,4
7828,388,3
7829,918,3
7833,745,1
7834,226,null
7837,511,0
7839,196,2
7844,775,2
7848,499,0
7849,189,0
7850,394,5
7855,640,3
7857,252,4
7859,728,5
7862,214,null
7863,368,5
7868,886,4
7869,230,3
7871,476,5
7874,133,2
7875,88,0
7878,754,1
7880,444,null
7882,581,null
7887,774,1
7888,897,1
7890,680,null
7892,378,5
7893,108,0
7894,919,3
7895,385,null
7897,107,5
7898,459,4
7900,687,2
7901,167,0
7902,711,3
7904,367,null
7905,651,4
7906,6,4
7907,706,2
7908,370,1
7911,376,0
7912,657,4
7914,629,5
7916,434,5
7917,143,2
7918,444,3
7923,717,1
7925,915,4
7926,188,3
7929,383,1
7930,863,4
7931,888,3
7935,626,0
7939,532,4
7945,768,2
7947,657,1
7951,612,2
7957,666,null
7958,178,null
7961,722,4
7967,471,0
7970,615,null
7971,707,5
7973,230,4
7975,274,1
7976,218,0
7977,838,null
7978,735,1
7980,355,3
7981,437,1
7983,636,4
7984,842,2
7986,584,3
7987,18,2
7988,132,0
7991,172,1
7992,137,5
7995,714,1
7998,391,null
8000,597,1
8001,87,5
8004,338,0
8007,201,3
8008,25,4
8010,936,0
8011,368,null
8012,541,4
8014,851,4
8016,843,4
8021,335,1
8023,858,null
8025,314,1
8026,793,3
8027,674,4
8029,343,null
8032,996,0
8034,752,2
8037,365,null
8038,576,null
8042,846,0
8043,387,null
8045,670,1
8046,122,0
8048,947,1
8049,629,null
8050,362,0
8052,22,4
8055,625,1
8056,460,5
8057,108,1
8058,183,0
8059,819,4
8060,900,4
8062,197,0
8063,201,5
8064,56,0
8065,133,4
8066,170,5
8073,242,0
8074,244,3
8076,681,1
8078,296,1
8079,126,0
8080,29,4
8082,876,5
8083,723,0
8084,761,5
8087,88,2
8094,757,5
8095,305,1
8096,360,1
8097,125,2
8101,193,3
8103,399,1
8105,32,2
8108,584,3
8110,369,4
8111,292,0
8112,896,5
8113,452,4
8115,124,1
8116,249,null
8118,748,1
8122,395,4
8124,457,null
8125,730,0
8127,521,5
8130,336,2
8132,768,null
8137,742,null
8139,726,null
8140,360,4
8141,9,4
8143,39,4
8147,475,0
8148,509,1
8152,658,5
8153,935,null
8156,376,0
8157,824,0
8158,889,3
8160,410,1
8161,968,null
8163,322,0
8167,320,null
8168,565,5
8171,499,1
8175,51,5
8179,233,3
8180,265,0
8181,646,null
8182,67,4
8184,67,1
8186,46,1
8187,181,4
8190,874,5
8191,107,1
8194,374,2
8195,93,3
8199,325,0
8203,847,3
8210,527,null
8214,632,5
8217,702,5
8218,638,1
8219,363,4
8221,307,5
8223,772,4
8226,842,1
8227,526,0
8228,914,null
8230,447,1
8233,163,4
8234,700,4
8235,182,0
8236,627,0
8237,637,1
8240,444,4
8244,357,2
8248,26,0
8249,711,0
8250,136,0
8251,139,1
8252,904,null
8253,581,3
8256,544,4
8259,2,2
8260,303,5
8261,830,5
8266,79,0
8267,387,3
8268,900,5
8273,42,1
8275,462,1
8276,122,3
8287,86,5
8288,119,4
8290,566,null
8291,142,0
8294,195,5
8298,801,null
8299,794,2
8301,253,1
8303,536,1
8304,508,4
8305,746,5
8306,253,0
8309,648,1
8310,116,5
8313,948,2
8314,89,5
8315,231,2
8318,285,4
8321,323,4
8322,622,null
8323,267,null
8324,74,4
8325,956,3
8326,870,1
8328,593,4
8330,402,null
8335,528,1
8336,490,3
8339,613,null
8341,533,1
8342,421,1
8346,347,3
8348,760,3
8349,953,2
8355,295,4
8356,661,null
8358,311,1
8364,867,3
8365,371,5
8366,739,null
8369,752,5
8370,341,null
8373,564,0
8374,247,3
8377,224,0
8378,989,0
8380,902,3
8381,228,0
8383,333,2
8386,225,5
8387,395,null
8389,833,4
8390,369,3
8391,516,3
8392,132,5
8394,893,4
8396,276,5
8400,820,null
8401,826,5
8403,678,5
8408,435,1
8410,361,0
8414,365,4
8418,848,4
8420,641,3
8421,144,null
8422,85,1
8423,976,5
8424,852,2
8425,242,3
8429,961,0
8430,709,0
8433,258,4
8434,732,3
8436,448,4
8439,436,2
8440,846,0
8442,531,null
8444,44,1
8448,440,0
8449,958,5
8456,98,0
8457,262,2
8458,281,3
8459,323,1
8463,690,2
8466,954,4
8467,433,null
8468,115,0
8470,812,1
8471,907,1
8472,325,3
8473,566,2
8476,322,2
8477,810,null
8478,38,4
8482,407,3
8483,762,0
8485,808,3
8486,41,4
8488,539,5
8496,283,2
8497,946,3
8500,436,2
8502,272,0
8504,538,2
8505,741,2
8511,230,null
8512,689,0
8513,533,null
8520,233,0
8521,853,1
8523,398,2
8527,739,0
8529,500,4
8530,895,0
8531,291,5
8532,834,null
8533,774,5
8534,406,5
8536,509,0
8543,997,5
8544,234,null
8545,370,2
8548,263,3
8553,432,null
8554,964,0
8557,313,2
8559,766,1
8560,15,0
8562,856,1
8564,818,2
8565,431,2
8566,717,0
8568,653,null
8570,798,null
8573,421,2
8575,903,0
8576,527,4
8577,758,5
8578,400,4
8579,153,0
8582,400,5
8583,836,0
8584,389,null
8585,359,null
8586,54,1
8587,673,0
8589,927,4
8590,728,null
8591,946,null
8594,279,4
8596,43,5
8597,930,null
8598,626,4
8599,107,2
8600,838,1
8604,529,4
8606,986,1
8610,684,3
8613,860,1
8614,44,3
8617,749,0
8618,933,null
8619,555,2
8621,588,2
8625,471,0
8627,573,null
8630,439,2
8632,532,0
8633,810,4
8634,448,3
8635,824,null
8636,810,2
8637,639,3
8638,926,1
8643,534,0
8645,604,null
8647,457,0
8648,343,0
8650,118,5
8651,668,1
8655,264,4
8659,41,5
8662,535,1
8667,712,1
8668,363,5
8673,672,0
8674,817,null
8675,871,4
8677,756,5
8680,542,0
8681,913,4
8682,650,0
8684,183,null
8694,731,4
8696,864,1
8699,781,null
8700,215,4
8701,425,2
8702,844,0
8704,738,3
8705,156,null
8707,181,4
8714,902,5
8717,370,4
8718,578,0
8719,139,1
8720,740,0
8721,331,0
8723,454,5
8726,627,null
8727,580,5
8730,346,null
8731,464,3
8733,647,0
8734,799,5
8735,512,5
8736,671,4
8738,665,2
8741,129,1
8743,907,4
8744,569,0
8749,569,0
8750,340,3
8753,468,2
8757,502,0
8759,190,0
8760,583,2
8761,669,0
8763,433,0
8765,36,4
8766,355,null
8767,500,0
8771,743,4
8774,235,null
8776,546,null
8777,824,1
8785,849,4
8787,218,2
8792,273,4
8794,215,1
8796,131,0
8797,5,3
8798,787,1
8801,891,3
8804,126,2
8805,520,5
8806,653,2
8810,233,2
8813,413,null
8815,666,1
8818,103,0
8819,844,3
8822,771,3
8824,300,2
8825,939,3
8826,164,5
8828,47,0
8829,500,5
8830,376,4
8831,188,3
8832,71,null
8833,909,2
8836,155,3
8837,985,0
8839,68,0
8840,323,5
8844,249,5
8845,993,4
8846,460,4
8848,42,null
8849,386,2
8851,815,5
8854,400,5
8855,546,2
8856,106,1
8859,902,1
8863,795,3
8865,620,5
8866,631,5
8868,980,5
8869,689,4
8873,722,0
8874,778,1
8875,113,0
8876,537,null
8877,432,5
8878,375,1
8879,445,0
8881,867,2
8882,513,2
8883,976,2
8885,697,5
8887,427,0
8890,749,2
8892,898,2
8893,760,4
8895,421,null
8896,544,1
8898,193,1
8901,680,2
8902,888,4
8903,332,2
8908,805,3
8911,624,5
8914,900,1
8916,581,null
8917,308,1
8919,130,4
8920,952,0
8925,158,1
8928,827,4
8933,596,4
8934,486,4
8937,402,1
8939,183,0
8940,69,2
8941,634,4
8942,461,1
8943,229,0
8945,461,null
8947,363,4
8948,76,null
8949,820,0
8951,171,4
8952,915,4
8953,286,null
8954,520,null
8955,857,3
8957,901,0
8958,424,2
8960,615,1
8962,380,2
8963,396,2
8966,527,2
8969,479,1
8971,388,5
8976,558,4
8977,747,1
8979,76,5
8980,892,null
8981,245,4
8983,352,5
8984,100,0
8986,920,4
8989,767,0
8990,135,2
8991,438,0
8992,615,1
8994,659,1
9000,487,1
9002,709,3
9006,671,1
9007,831,null
9010,363,1
9011,406,2
9013,227,5
9015,235,1
9016,297,null
9017,203,4
9019,552,5
9022,176,4
9023,320,2
9031,987,5
9032,517,5
9034,570,1
9036,585,0
9038,383,4
9039,15,5
9042,952,5
9044,363,5
9045,602,3
9049,892,2
9050,646,1
9053,65,3
9054,182,2
9057,582,1
9060,117,1
9063,856,5
9064,46,5
9067,635,0
9068,624,3
9069,2,4
9071,265,2
9073,957,0
9074,312,2
9075,327,0
9076,291,3
9077,301,1
9078,731,3
9081,281,5
9082,504,3
9084,342,3
9086,85,null
9087,426,2
9088,626,4
9089,985,null
9092,33,0
9095,646,1
9096,912,3
9097,117,null
9098,311,4
9099,416,4
9100,878,5
9103,153,5
9104,366,4
9105,910,3
9106,399,0
9107,11,2
9111,102,0
9112,541,5
9113,15,null
9114,351,0
9116,982,2
9118,739,null
9119,6,null
9121,776,null
9123,307,5
9124,586,2
9125,740,5
9126,832,3
9127,25,5
9129,415,3
9130,255,null
9131,695,0
9133,548,1
9134,219,0
9135,970,5
9136,417,null
9137,304,4
9141,949,null
9142,482,4
9144,646,4
9145,39,4
9147,310,0
9152,823,3
9155,532,4
9156,5,1
9162,537,3
9163,87,null
9165,656,0
9167,870,2
9168,760,2
9169,264,5
9176,288,4
9177,129,5
9178,32,5
9181,707,3
9185,254,5
9189,797,null
9191,350,1
9193,146,5
9194,134,1
9195,226,null
9199,814,0
9201,712,0
9202,519,null
9204,806,0
9205,260,4
9207,136,2
9208,849,2
9210,560,2
9211,305,null
9212,633,1
9213,502,2
9214,118,4
9215,549,0
9217,822,4
9218,749,4
9219,914,0
9220,145,4
9223,762,3
9231,234,null
9232,881,2
9233,6,0
9235,63,1
9236,522,0
9237,116,4
9239,831,5
9241,693,4
9242,808,4
9245,16,null
9248,271,4
9249,443,4
9250,556,null
9253,845,null
9254,532,3
9256,343,2
9257,238,1
9264,173,5
9265,67,0
9266,915,4
9271,724,1
9273,399,1
9274,128,2
9275,159,3
9276,662,3
9279,355,2
9281,992,0
9284,115,0
9285,970,1
9287,673,0
9288,14,4
9292,872,3
9294,752,null
9297,877,4
9300,109,5
9304,843,1
9307,213,4
9308,689,0
9310,777,1
9314,668,4
9315,1,1
9316,119,2
9317,135,null
9318,217,1
9320,381,3
9322,664,4
9323,583,4
9324,394,0
9325,794,null
9327,989,null
9329,319,0
9332,480,2
9337,301,5
9339,763,5
9341,580,null
9343,7,5
9344,938,0
9350,828,0
9351,899,5
9352,228,0
9353,497,1
9357,356,5
9359,834,0
9361,364,2
9366,325,5
9368,160,1
9369,838,5
9374,54,0
9375,504,2
9378,479,2
9380,887,5
9385,483,0
9388,316,3
9389,387,1
9393,44,1
9395,144,null
9397,977,0
9399,732,5
9403,959,null
9405,774,null
9408,299,null
9411,926,3
9417,960,4
9419,566,2
9421,109,null
9422,374,0
9423,303,2
9424,552,5
9426,182,5
9429,723,3
9430,748,3
9431,751,null
9432,447,1
9433,744,0
9434,731,0
9436,127,5
9438,620,null
9439,814,4
9440,691,1
9444,213,4
9446,975,1
9449,46,null
9450,598,4
9451,7,3
9455,579,null
9456,636,4
9457,66,4
9459,463,3
9461,423,0
9463,845,0
9464,950,null
9465,126,2
9467,921,null
9472,519,0
9475,948,2
9476,769,2
9477,109,5
9478,533,0
9480,677,2
9482,961,4
9483,504,5
9487,144,3
9488,31,5
9491,228,null
9492,205,2
9498,794,5
9499,199,null
9500,439,0
9502,611,1
9504,800,0
9505,557,4
9507,587,4
9508,153,null
9511,796,0
9512,281,4
9513,535,4
9514,781,2
9516,148,5
9522,127,4
9525,99,3
9526,779,4
9529,739,2
9530,733,0
9534,544,0
9539,990,0
9540,328,1
9541,906,1
9542,298,5
9543,38,5
9544,14,2
9546,339,2
9548,722,3
9549,171,null
9550,228,5
9552,819,2
9554,880,3
9556,39,null
9558,270,1
9559,538,null
9563,356,4
9565,599,2
9566,189,null
9569,913,3
9570,450,0
9571,896,5
9572,753,4
9573,610,5
9574,931,null
9575,936,3
9576,694,4
9578,626,2
9579,532,4
9580,366,1
9583,222,null
9584,510,1
9585,73,2
9586,732,3
9587,746,3
9589,246,5
9590,261,3
9594,224,4
9595,98,5
9596,55,4
9597,447,1
9598,654,null
9599,325,null
9602,902,1
9604,888,5
9605,367,2
9609,218,1
9610,724,3
9611,587,5
9612,809,2
9615,245,4
9617,941,2
9619,602,4
9620,511,5
9621,104,5
9626,526,4
9629,656,0
9630,227,null
9634,987,1
9635,44,2
9636,843,5
9639,599,4
9641,774,4
9642,73,1
9643,998,1
9647,757,1
9649,248,3
9651,249,1
9653,692,2
9655,400,2
9658,625,1
9661,621,null
9662,822,2
9663,798,4
9668,757,3
9670,554,1
9673,630,3
9674,990,null
9676,555,1
9679,336,5
9680,769,1
9682,729,4
9684,943,5
9688,694,0
9689,176,5
9691,169,2
9692,966,1
9693,898,1
9694,721,0
9695,605,5
9696,886,4
9698,407,0
9700,335,3
9701,875,null
9704,556,null
9705,342,2
9706,147,3
9707,924,2
9708,817,2
9709,619,3
9710,18,0
9711,580,3
9713,759,4
9714,333,null
9718,695,0
9721,756,3
9723,649,5
9726,817,2
9730,835,3
9731,372,0
9732,34,0
9733,284,3
9734,290,4
9735,918,2
9736,253,null
9738,582,null
9742,983,3
9743,863,4
9746,219,3
9750,26,4
9752,329,3
9754,662,3
9756,596,2
9758,247,3
9761,275,1
9762,370,1
9763,543,2
9765,851,4
9766,808,4
9768,634,4
9770,998,4
9774,203,3
9778,725,5
9779,400,4
9780,110,2
9781,994,1
9783,602,4
9787,151,1
9789,601,4
9790,51,4
9792,511,0
9793,585,0
9794,93,4
9795,654,4
9796,11,0
9797,863,0
9803,951,3
9805,231,1
9806,804,5
9807,235,null
9809,10,1
9810,87,2
9813,425,1
9817,960,0
9818,256,3
9820,609,3
9825,946,2
9827,621,null
9833,83,0
9834,221,3
9836,919,3
9841,344,null
9842,567,4
9843,67,2
9850,969,null
9852,416,1
9855,145,4
9856,734,null
9858,816,2
9859,991,0
9860,413,2
9865,923,1
9867,470,0
9869,106,0
9871,555,0
9876,729,0
9878,982,1
9879,168,null
9881,62,1
9882,316,0
9883,657,0
9884,274,4
9886,386,4
9887,272,2
9888,652,1
9889,769,null
9891,285,0
9894,764,2
9895,72,3
9897,200,1
9900,349,2
9904,652,null
9909,173,4
9910,58,0
9913,360,3
9914,944,2
9915,822,0
9916,574,null
9918,768,1
9919,465,null
9921,688,null
9922,828,null
9923,464,5
9925,810,4
9926,679,null
9928,964,0
9930,189,4
9932,510,3
9933,511,3
9934,309,3
9935,759,5
9937,254,3
9938,283,0
9940,951,4
9941,66,null
9943,42,4
9944,621,5
9949,106,3
9950,913,4
9953,791,4
9957,2,null
9960,897,2
9963,945,1
9964,90,null
9965,963,3
9970,286,3
9972,395,3
9975,309,1
9978,516,0
9979,177,2
9981,432,2
9983,208,1
9984,450,5
9986,698,1
9988,507,0
9989,86,5
9990,252,0
9991,451,2
9993,321,4
9994,994,3
9995,385,5
